Division,Place,Season,Crop,Variety
Udupi,Udupi,Kharif,Paddy,MO-4 (Bhadra)
Udupi,Manipal,Kharif,Paddy,MO-4 (Bhadra)
Udupi,Korangrapady,Kharif,Paddy,MO-4 (Bhadra)
Udupi,Tonse East,Kharif,Paddy,MO-4 (Bhadra)
Udupi,Tenkanidyoor,Kharif,Paddy,MO-4 (Bhadra)
Udupi,Varamballi,Kharif,Paddy,MO-4 (Bhadra)
Udupi,Saligrama,Kharif,Paddy,MO-4 (Bhadra)
Udupi,Moodubelle,Kharif,Paddy,MO-4 (Bhadra)
Udupi,Shirva,Kharif,Paddy,MO-4 (Bhadra)
Udupi,Cherkady,Kharif,Paddy,MO-4 (Bhadra)
Udupi,Perdoor,Kharif,Paddy,MO-4 (Bhadra)
Udupi,Hiriyadka,Kharif,Paddy,MO-4 (Bhadra)
Udupi,Hanjady,Kharif,Paddy,MO-4 (Bhadra)
Udupi,Badagabettu,Kharif,Paddy,MO-4 (Bhadra)
Udupi,Alevor,Kharif,Paddy,MO-4 (Bhadra)
Udupi,Mooduthonse,Kharif,Paddy,MO-4 (Bhadra)
Udupi,Udyavara,Kharif,Paddy,MO-4 (Bhadra)
Udupi,Yenagudde,Kharif,Paddy,MO-4 (Bhadra)
Udupi,Puttur,Kharif,Paddy,MO-4 (Bhadra)
Udupi,Kudi,Kharif,Paddy,MO-4 (Bhadra)
Udupi,Kurkalu,Kharif,Paddy,MO-4 (Bhadra)
Udupi,Yerlapady,Kharif,Paddy,MO-4 (Bhadra)
Udupi,Ninjoor,Kharif,Paddy,MO-4 (Bhadra)
Udupi,Mallar,Kharif,Paddy,MO-4 (Bhadra)
Udupi,Padubidri,Kharif,Paddy,MO-4 (Bhadra)
Udupi,Hejamadi,Kharif,Paddy,MO-4 (Bhadra)
Udupi,Bada,Kharif,Paddy,MO-4 (Bhadra)
Udupi,Tenka Hanjady,Kharif,Paddy,MO-4 (Bhadra)
Udupi,Shiriyara,Kharif,Paddy,MO-4 (Bhadra)
Udupi,Kidiyur,Kharif,Paddy,MO-4 (Bhadra)
Udupi,Kallianpur,Kharif,Paddy,MO-4 (Bhadra)
Udupi,Herga,Kharif,Paddy,MO-4 (Bhadra)
Udupi,Udupi,Kharif,Paddy,MO-4 (Bhadra)
Udupi,Manipal,Kharif,Paddy,MO-4 (Bhadra)
Udupi,Korangrapady,Kharif,Paddy,MO-4 (Bhadra)
Udupi,Tonse East,Kharif,Paddy,MO-4 (Bhadra)
Udupi,Tenkanidyoor,Kharif,Paddy,MO-4 (Bhadra)
Udupi,Varamballi,Kharif,Paddy,MO-4 (Bhadra)
Udupi,Saligrama,Kharif,Paddy,MO-4 (Bhadra)
Udupi,Moodubelle,Kharif,Paddy,MO-4 (Bhadra)
Udupi,Shirva,Kharif,Paddy,MO-4 (Bhadra)
Udupi,Cherkady,Kharif,Paddy,MO-4 (Bhadra)
Udupi,Perdoor,Kharif,Paddy,MO-4 (Bhadra)
Udupi,Hiriyadka,Kharif,Paddy,MO-4 (Bhadra)
Udupi,Hanjady,Kharif,Paddy,MO-4 (Bhadra)
Udupi,Badagabettu,Kharif,Paddy,MO-4 (Bhadra)
Udupi,Alevor,Kharif,Paddy,MO-4 (Bhadra)
Udupi,Mooduthonse,Kharif,Paddy,MO-4 (Bhadra)
Udupi,Udyavara,Kharif,Paddy,MO-4 (Bhadra)
Udupi,Yenagudde,Kharif,Paddy,MO-4 (Bhadra)
Udupi,Puttur,Kharif,Paddy,MO-4 (Bhadra)
Udupi,Kudi,Kharif,Paddy,MO-4 (Bhadra)
Udupi,Kurkalu,Kharif,Paddy,MO-4 (Bhadra)
Udupi,Yerlapady,Kharif,Paddy,MO-4 (Bhadra)
Udupi,Ninjoor,Kharif,Paddy,MO-4 (Bhadra)
Udupi,Mallar,Kharif,Paddy,MO-4 (Bhadra)
Udupi,Padubidri,Kharif,Paddy,MO-4 (Bhadra)
Udupi,Hejamadi,Kharif,Paddy,MO-4 (Bhadra)
Udupi,Bada,Kharif,Paddy,MO-4 (Bhadra)
Udupi,Tenka Hanjady,Kharif,Paddy,MO-4 (Bhadra)
Udupi,Shiriyara,Kharif,Paddy,MO-4 (Bhadra)
Udupi,Kidiyur,Kharif,Paddy,MO-4 (Bhadra)
Udupi,Kallianpur,Kharif,Paddy,MO-4 (Bhadra)
Udupi,Herga,Kharif,Paddy,MO-4 (Bhadra)
Udupi,Udupi,Kharif,Paddy,Mahaveer
Udupi,Manipal,Kharif,Paddy,Mahaveer
Udupi,Korangrapady,Kharif,Paddy,Mahaveer
Udupi,Tonse East,Kharif,Paddy,Mahaveer
Udupi,Tenkanidyoor,Kharif,Paddy,Mahaveer
Udupi,Varamballi,Kharif,Paddy,Mahaveer
Udupi,Saligrama,Kharif,Paddy,Mahaveer
Udupi,Moodubelle,Kharif,Paddy,Mahaveer
Udupi,Shirva,Kharif,Paddy,Mahaveer
Udupi,Cherkady,Kharif,Paddy,Mahaveer
Udupi,Perdoor,Kharif,Paddy,Mahaveer
Udupi,Hiriyadka,Kharif,Paddy,Mahaveer
Udupi,Hanjady,Kharif,Paddy,Mahaveer
Udupi,Badagabettu,Kharif,Paddy,Mahaveer
Udupi,Alevor,Kharif,Paddy,Mahaveer
Udupi,Mooduthonse,Kharif,Paddy,Mahaveer
Udupi,Udyavara,Kharif,Paddy,Mahaveer
Udupi,Yenagudde,Kharif,Paddy,Mahaveer
Udupi,Puttur,Kharif,Paddy,Mahaveer
Udupi,Kudi,Kharif,Paddy,Mahaveer
Udupi,Kurkalu,Kharif,Paddy,Mahaveer
Udupi,Yerlapady,Kharif,Paddy,Mahaveer
Udupi,Ninjoor,Kharif,Paddy,Mahaveer
Udupi,Mallar,Kharif,Paddy,Mahaveer
Udupi,Padubidri,Kharif,Paddy,Mahaveer
Udupi,Hejamadi,Kharif,Paddy,Mahaveer
Udupi,Bada,Kharif,Paddy,Mahaveer
Udupi,Tenka Hanjady,Kharif,Paddy,Mahaveer
Udupi,Shiriyara,Kharif,Paddy,Mahaveer
Udupi,Kidiyur,Kharif,Paddy,Mahaveer
Udupi,Kallianpur,Kharif,Paddy,Mahaveer
Udupi,Herga,Kharif,Paddy,Mahaveer
Udupi,Udupi,Kharif,Paddy,Jaya
Udupi,Manipal,Kharif,Paddy,Jaya
Udupi,Korangrapady,Kharif,Paddy,Jaya
Udupi,Tonse East,Kharif,Paddy,Jaya
Udupi,Tenkanidyoor,Kharif,Paddy,Jaya
Udupi,Varamballi,Kharif,Paddy,Jaya
Udupi,Saligrama,Kharif,Paddy,Jaya
Udupi,Moodubelle,Kharif,Paddy,Jaya
Udupi,Shirva,Kharif,Paddy,Jaya
Udupi,Cherkady,Kharif,Paddy,Jaya
Udupi,Perdoor,Kharif,Paddy,Jaya
Udupi,Hiriyadka,Kharif,Paddy,Jaya
Udupi,Hanjady,Kharif,Paddy,Jaya
Udupi,Badagabettu,Kharif,Paddy,Jaya
Udupi,Alevor,Kharif,Paddy,Jaya
Udupi,Mooduthonse,Kharif,Paddy,Jaya
Udupi,Udyavara,Kharif,Paddy,Jaya
Udupi,Yenagudde,Kharif,Paddy,Jaya
Udupi,Puttur,Kharif,Paddy,Jaya
Udupi,Kudi,Kharif,Paddy,Jaya
Udupi,Kurkalu,Kharif,Paddy,Jaya
Udupi,Yerlapady,Kharif,Paddy,Jaya
Udupi,Ninjoor,Kharif,Paddy,Jaya
Udupi,Mallar,Kharif,Paddy,Jaya
Udupi,Padubidri,Kharif,Paddy,Jaya
Udupi,Hejamadi,Kharif,Paddy,Jaya
Udupi,Bada,Kharif,Paddy,Jaya
Udupi,Tenka Hanjady,Kharif,Paddy,Jaya
Udupi,Shiriyara,Kharif,Paddy,Jaya
Udupi,Kidiyur,Kharif,Paddy,Jaya
Udupi,Kallianpur,Kharif,Paddy,Jaya
Udupi,Herga,Kharif,Paddy,Jaya
Udupi,Udupi,Kharif,Paddy,Matta
Udupi,Manipal,Kharif,Paddy,Matta
Udupi,Korangrapady,Kharif,Paddy,Matta
Udupi,Tonse East,Kharif,Paddy,Matta
Udupi,Tenkanidyoor,Kharif,Paddy,Matta
Udupi,Varamballi,Kharif,Paddy,Matta
Udupi,Saligrama,Kharif,Paddy,Matta
Udupi,Moodubelle,Kharif,Paddy,Matta
Udupi,Shirva,Kharif,Paddy,Matta
Udupi,Cherkady,Kharif,Paddy,Matta
Udupi,Perdoor,Kharif,Paddy,Matta
Udupi,Hiriyadka,Kharif,Paddy,Matta
Udupi,Hanjady,Kharif,Paddy,Matta
Udupi,Badagabettu,Kharif,Paddy,Matta
Udupi,Alevor,Kharif,Paddy,Matta
Udupi,Mooduthonse,Kharif,Paddy,Matta
Udupi,Udyavara,Kharif,Paddy,Matta
Udupi,Yenagudde,Kharif,Paddy,Matta
Udupi,Puttur,Kharif,Paddy,Matta
Udupi,Kudi,Kharif,Paddy,Matta
Udupi,Kurkalu,Kharif,Paddy,Matta
Udupi,Yerlapady,Kharif,Paddy,Matta
Udupi,Ninjoor,Kharif,Paddy,Matta
Udupi,Mallar,Kharif,Paddy,Matta
Udupi,Padubidri,Kharif,Paddy,Matta
Udupi,Hejamadi,Kharif,Paddy,Matta
Udupi,Bada,Kharif,Paddy,Matta
Udupi,Tenka Hanjady,Kharif,Paddy,Matta
Udupi,Shiriyara,Kharif,Paddy,Matta
Udupi,Kidiyur,Kharif,Paddy,Matta
Udupi,Kallianpur,Kharif,Paddy,Matta
Udupi,Herga,Kharif,Paddy,Matta
Udupi,Udupi,Rabi,Paddy,Edasuggi
Udupi,Manipal,Rabi,Paddy,Edasuggi
Udupi,Korangrapady,Rabi,Paddy,Edasuggi
Udupi,Tonse East,Rabi,Paddy,Edasuggi
Udupi,Tenkanidyoor,Rabi,Paddy,Edasuggi
Udupi,Varamballi,Rabi,Paddy,Edasuggi
Udupi,Saligrama,Rabi,Paddy,Edasuggi
Udupi,Moodubelle,Rabi,Paddy,Edasuggi
Udupi,Shirva,Rabi,Paddy,Edasuggi
Udupi,Cherkady,Rabi,Paddy,Edasuggi
Udupi,Perdoor,Rabi,Paddy,Edasuggi
Udupi,Hiriyadka,Rabi,Paddy,Edasuggi
Udupi,Hanjady,Rabi,Paddy,Edasuggi
Udupi,Badagabettu,Rabi,Paddy,Edasuggi
Udupi,Alevor,Rabi,Paddy,Edasuggi
Udupi,Mooduthonse,Rabi,Paddy,Edasuggi
Udupi,Udyavara,Rabi,Paddy,Edasuggi
Udupi,Yenagudde,Rabi,Paddy,Edasuggi
Udupi,Puttur,Rabi,Paddy,Edasuggi
Udupi,Kudi,Rabi,Paddy,Edasuggi
Udupi,Kurkalu,Rabi,Paddy,Edasuggi
Udupi,Yerlapady,Rabi,Paddy,Edasuggi
Udupi,Ninjoor,Rabi,Paddy,Edasuggi
Udupi,Mallar,Rabi,Paddy,Edasuggi
Udupi,Padubidri,Rabi,Paddy,Edasuggi
Udupi,Hejamadi,Rabi,Paddy,Edasuggi
Udupi,Bada,Rabi,Paddy,Edasuggi
Udupi,Tenka Hanjady,Rabi,Paddy,Edasuggi
Udupi,Shiriyara,Rabi,Paddy,Edasuggi
Udupi,Kidiyur,Rabi,Paddy,Edasuggi
Udupi,Kallianpur,Rabi,Paddy,Edasuggi
Udupi,Herga,Rabi,Paddy,Edasuggi
Udupi,Udupi,Rabi,Paddy,Suggi
Udupi,Manipal,Rabi,Paddy,Suggi
Udupi,Korangrapady,Rabi,Paddy,Suggi
Udupi,Tonse East,Rabi,Paddy,Suggi
Udupi,Tenkanidyoor,Rabi,Paddy,Suggi
Udupi,Varamballi,Rabi,Paddy,Suggi
Udupi,Saligrama,Rabi,Paddy,Suggi
Udupi,Moodubelle,Rabi,Paddy,Suggi
Udupi,Shirva,Rabi,Paddy,Suggi
Udupi,Cherkady,Rabi,Paddy,Suggi
Udupi,Perdoor,Rabi,Paddy,Suggi
Udupi,Hiriyadka,Rabi,Paddy,Suggi
Udupi,Hanjady,Rabi,Paddy,Suggi
Udupi,Badagabettu,Rabi,Paddy,Suggi
Udupi,Alevor,Rabi,Paddy,Suggi
Udupi,Mooduthonse,Rabi,Paddy,Suggi
Udupi,Udyavara,Rabi,Paddy,Suggi
Udupi,Yenagudde,Rabi,Paddy,Suggi
Udupi,Puttur,Rabi,Paddy,Suggi
Udupi,Kudi,Rabi,Paddy,Suggi
Udupi,Kurkalu,Rabi,Paddy,Suggi
Udupi,Yerlapady,Rabi,Paddy,Suggi
Udupi,Ninjoor,Rabi,Paddy,Suggi
Udupi,Mallar,Rabi,Paddy,Suggi
Udupi,Padubidri,Rabi,Paddy,Suggi
Udupi,Hejamadi,Rabi,Paddy,Suggi
Udupi,Bada,Rabi,Paddy,Suggi
Udupi,Tenka Hanjady,Rabi,Paddy,Suggi
Udupi,Shiriyara,Rabi,Paddy,Suggi
Udupi,Kidiyur,Rabi,Paddy,Suggi
Udupi,Kallianpur,Rabi,Paddy,Suggi
Udupi,Herga,Rabi,Paddy,Suggi
Udupi,Udupi,Rabi,Paddy,Jyoti
Udupi,Manipal,Rabi,Paddy,Jyoti
Udupi,Korangrapady,Rabi,Paddy,Jyoti
Udupi,Tonse East,Rabi,Paddy,Jyoti
Udupi,Tenkanidyoor,Rabi,Paddy,Jyoti
Udupi,Varamballi,Rabi,Paddy,Jyoti
Udupi,Saligrama,Rabi,Paddy,Jyoti
Udupi,Moodubelle,Rabi,Paddy,Jyoti
Udupi,Shirva,Rabi,Paddy,Jyoti
Udupi,Cherkady,Rabi,Paddy,Jyoti
Udupi,Perdoor,Rabi,Paddy,Jyoti
Udupi,Hiriyadka,Rabi,Paddy,Jyoti
Udupi,Hanjady,Rabi,Paddy,Jyoti
Udupi,Badagabettu,Rabi,Paddy,Jyoti
Udupi,Alevor,Rabi,Paddy,Jyoti
Udupi,Mooduthonse,Rabi,Paddy,Jyoti
Udupi,Udyavara,Rabi,Paddy,Jyoti
Udupi,Yenagudde,Rabi,Paddy,Jyoti
Udupi,Puttur,Rabi,Paddy,Jyoti
Udupi,Kudi,Rabi,Paddy,Jyoti
Udupi,Kurkalu,Rabi,Paddy,Jyoti
Udupi,Yerlapady,Rabi,Paddy,Jyoti
Udupi,Ninjoor,Rabi,Paddy,Jyoti
Udupi,Mallar,Rabi,Paddy,Jyoti
Udupi,Padubidri,Rabi,Paddy,Jyoti
Udupi,Hejamadi,Rabi,Paddy,Jyoti
Udupi,Bada,Rabi,Paddy,Jyoti
Udupi,Tenka Hanjady,Rabi,Paddy,Jyoti
Udupi,Shiriyara,Rabi,Paddy,Jyoti
Udupi,Kidiyur,Rabi,Paddy,Jyoti
Udupi,Kallianpur,Rabi,Paddy,Jyoti
Udupi,Herga,Rabi,Paddy,Jyoti
Udupi,Udupi,Rabi,Groundnut,TMV-2
Udupi,Manipal,Rabi,Groundnut,TMV-2
Udupi,Korangrapady,Rabi,Groundnut,TMV-2
Udupi,Tonse East,Rabi,Groundnut,TMV-2
Udupi,Tenkanidyoor,Rabi,Groundnut,TMV-2
Udupi,Varamballi,Rabi,Groundnut,TMV-2
Udupi,Saligrama,Rabi,Groundnut,TMV-2
Udupi,Moodubelle,Rabi,Groundnut,TMV-2
Udupi,Shirva,Rabi,Groundnut,TMV-2
Udupi,Cherkady,Rabi,Groundnut,TMV-2
Udupi,Perdoor,Rabi,Groundnut,TMV-2
Udupi,Hiriyadka,Rabi,Groundnut,TMV-2
Udupi,Hanjady,Rabi,Groundnut,TMV-2
Udupi,Badagabettu,Rabi,Groundnut,TMV-2
Udupi,Alevor,Rabi,Groundnut,TMV-2
Udupi,Mooduthonse,Rabi,Groundnut,TMV-2
Udupi,Udyavara,Rabi,Groundnut,TMV-2
Udupi,Yenagudde,Rabi,Groundnut,TMV-2
Udupi,Puttur,Rabi,Groundnut,TMV-2
Udupi,Kudi,Rabi,Groundnut,TMV-2
Udupi,Kurkalu,Rabi,Groundnut,TMV-2
Udupi,Yerlapady,Rabi,Groundnut,TMV-2
Udupi,Ninjoor,Rabi,Groundnut,TMV-2
Udupi,Mallar,Rabi,Groundnut,TMV-2
Udupi,Padubidri,Rabi,Groundnut,TMV-2
Udupi,Hejamadi,Rabi,Groundnut,TMV-2
Udupi,Bada,Rabi,Groundnut,TMV-2
Udupi,Tenka Hanjady,Rabi,Groundnut,TMV-2
Udupi,Shiriyara,Rabi,Groundnut,TMV-2
Udupi,Kidiyur,Rabi,Groundnut,TMV-2
Udupi,Kallianpur,Rabi,Groundnut,TMV-2
Udupi,Herga,Rabi,Groundnut,TMV-2
Udupi,Udupi,Rabi,Groundnut,DH 3-30
Udupi,Manipal,Rabi,Groundnut,DH 3-30
Udupi,Korangrapady,Rabi,Groundnut,DH 3-30
Udupi,Tonse East,Rabi,Groundnut,DH 3-30
Udupi,Tenkanidyoor,Rabi,Groundnut,DH 3-30
Udupi,Varamballi,Rabi,Groundnut,DH 3-30
Udupi,Saligrama,Rabi,Groundnut,DH 3-30
Udupi,Moodubelle,Rabi,Groundnut,DH 3-30
Udupi,Shirva,Rabi,Groundnut,DH 3-30
Udupi,Cherkady,Rabi,Groundnut,DH 3-30
Udupi,Perdoor,Rabi,Groundnut,DH 3-30
Udupi,Hiriyadka,Rabi,Groundnut,DH 3-30
Udupi,Hanjady,Rabi,Groundnut,DH 3-30
Udupi,Badagabettu,Rabi,Groundnut,DH 3-30
Udupi,Alevor,Rabi,Groundnut,DH 3-30
Udupi,Mooduthonse,Rabi,Groundnut,DH 3-30
Udupi,Udyavara,Rabi,Groundnut,DH 3-30
Udupi,Yenagudde,Rabi,Groundnut,DH 3-30
Udupi,Puttur,Rabi,Groundnut,DH 3-30
Udupi,Kudi,Rabi,Groundnut,DH 3-30
Udupi,Kurkalu,Rabi,Groundnut,DH 3-30
Udupi,Yerlapady,Rabi,Groundnut,DH 3-30
Udupi,Ninjoor,Rabi,Groundnut,DH 3-30
Udupi,Mallar,Rabi,Groundnut,DH 3-30
Udupi,Padubidri,Rabi,Groundnut,DH 3-30
Udupi,Hejamadi,Rabi,Groundnut,DH 3-30
Udupi,Bada,Rabi,Groundnut,DH 3-30
Udupi,Tenka Hanjady,Rabi,Groundnut,DH 3-30
Udupi,Shiriyara,Rabi,Groundnut,DH 3-30
Udupi,Kidiyur,Rabi,Groundnut,DH 3-30
Udupi,Kallianpur,Rabi,Groundnut,DH 3-30
Udupi,Herga,Rabi,Groundnut,DH 3-30
Udupi,Udupi,Rabi,Groundnut,DH-40
Udupi,Manipal,Rabi,Groundnut,DH-40
Udupi,Korangrapady,Rabi,Groundnut,DH-40
Udupi,Tonse East,Rabi,Groundnut,DH-40
Udupi,Tenkanidyoor,Rabi,Groundnut,DH-40
Udupi,Varamballi,Rabi,Groundnut,DH-40
Udupi,Saligrama,Rabi,Groundnut,DH-40
Udupi,Moodubelle,Rabi,Groundnut,DH-40
Udupi,Shirva,Rabi,Groundnut,DH-40
Udupi,Cherkady,Rabi,Groundnut,DH-40
Udupi,Perdoor,Rabi,Groundnut,DH-40
Udupi,Hiriyadka,Rabi,Groundnut,DH-40
Udupi,Hanjady,Rabi,Groundnut,DH-40
Udupi,Badagabettu,Rabi,Groundnut,DH-40
Udupi,Alevor,Rabi,Groundnut,DH-40
Udupi,Mooduthonse,Rabi,Groundnut,DH-40
Udupi,Udyavara,Rabi,Groundnut,DH-40
Udupi,Yenagudde,Rabi,Groundnut,DH-40
Udupi,Puttur,Rabi,Groundnut,DH-40
Udupi,Kudi,Rabi,Groundnut,DH-40
Udupi,Kurkalu,Rabi,Groundnut,DH-40
Udupi,Yerlapady,Rabi,Groundnut,DH-40
Udupi,Ninjoor,Rabi,Groundnut,DH-40
Udupi,Mallar,Rabi,Groundnut,DH-40
Udupi,Padubidri,Rabi,Groundnut,DH-40
Udupi,Hejamadi,Rabi,Groundnut,DH-40
Udupi,Bada,Rabi,Groundnut,DH-40
Udupi,Tenka Hanjady,Rabi,Groundnut,DH-40
Udupi,Shiriyara,Rabi,Groundnut,DH-40
Udupi,Kidiyur,Rabi,Groundnut,DH-40
Udupi,Kallianpur,Rabi,Groundnut,DH-40
Udupi,Herga,Rabi,Groundnut,DH-40
Udupi,Udupi,Rabi,Black gram,LBG-17
Udupi,Manipal,Rabi,Black gram,LBG-17
Udupi,Korangrapady,Rabi,Black gram,LBG-17
Udupi,Tonse East,Rabi,Black gram,LBG-17
Udupi,Tenkanidyoor,Rabi,Black gram,LBG-17
Udupi,Varamballi,Rabi,Black gram,LBG-17
Udupi,Saligrama,Rabi,Black gram,LBG-17
Udupi,Moodubelle,Rabi,Black gram,LBG-17
Udupi,Shirva,Rabi,Black gram,LBG-17
Udupi,Cherkady,Rabi,Black gram,LBG-17
Udupi,Perdoor,Rabi,Black gram,LBG-17
Udupi,Hiriyadka,Rabi,Black gram,LBG-17
Udupi,Hanjady,Rabi,Black gram,LBG-17
Udupi,Badagabettu,Rabi,Black gram,LBG-17
Udupi,Alevor,Rabi,Black gram,LBG-17
Udupi,Mooduthonse,Rabi,Black gram,LBG-17
Udupi,Udyavara,Rabi,Black gram,LBG-17
Udupi,Yenagudde,Rabi,Black gram,LBG-17
Udupi,Puttur,Rabi,Black gram,LBG-17
Udupi,Kudi,Rabi,Black gram,LBG-17
Udupi,Kurkalu,Rabi,Black gram,LBG-17
Udupi,Yerlapady,Rabi,Black gram,LBG-17
Udupi,Ninjoor,Rabi,Black gram,LBG-17
Udupi,Mallar,Rabi,Black gram,LBG-17
Udupi,Padubidri,Rabi,Black gram,LBG-17
Udupi,Hejamadi,Rabi,Black gram,LBG-17
Udupi,Bada,Rabi,Black gram,LBG-17
Udupi,Tenka Hanjady,Rabi,Black gram,LBG-17
Udupi,Shiriyara,Rabi,Black gram,LBG-17
Udupi,Kidiyur,Rabi,Black gram,LBG-17
Udupi,Kallianpur,Rabi,Black gram,LBG-17
Udupi,Herga,Rabi,Black gram,LBG-17
Udupi,Udupi,Rabi,Green gram,Pusa Vishal
Udupi,Manipal,Rabi,Green gram,Pusa Vishal
Udupi,Korangrapady,Rabi,Green gram,Pusa Vishal
Udupi,Tonse East,Rabi,Green gram,Pusa Vishal
Udupi,Tenkanidyoor,Rabi,Green gram,Pusa Vishal
Udupi,Varamballi,Rabi,Green gram,Pusa Vishal
Udupi,Saligrama,Rabi,Green gram,Pusa Vishal
Udupi,Moodubelle,Rabi,Green gram,Pusa Vishal
Udupi,Shirva,Rabi,Green gram,Pusa Vishal
Udupi,Cherkady,Rabi,Green gram,Pusa Vishal
Udupi,Perdoor,Rabi,Green gram,Pusa Vishal
Udupi,Hiriyadka,Rabi,Green gram,Pusa Vishal
Udupi,Hanjady,Rabi,Green gram,Pusa Vishal
Udupi,Badagabettu,Rabi,Green gram,Pusa Vishal
Udupi,Alevor,Rabi,Green gram,Pusa Vishal
Udupi,Mooduthonse,Rabi,Green gram,Pusa Vishal
Udupi,Udyavara,Rabi,Green gram,Pusa Vishal
Udupi,Yenagudde,Rabi,Green gram,Pusa Vishal
Udupi,Puttur,Rabi,Green gram,Pusa Vishal
Udupi,Kudi,Rabi,Green gram,Pusa Vishal
Udupi,Kurkalu,Rabi,Green gram,Pusa Vishal
Udupi,Yerlapady,Rabi,Green gram,Pusa Vishal
Udupi,Ninjoor,Rabi,Green gram,Pusa Vishal
Udupi,Mallar,Rabi,Green gram,Pusa Vishal
Udupi,Padubidri,Rabi,Green gram,Pusa Vishal
Udupi,Hejamadi,Rabi,Green gram,Pusa Vishal
Udupi,Bada,Rabi,Green gram,Pusa Vishal
Udupi,Tenka Hanjady,Rabi,Green gram,Pusa Vishal
Udupi,Shiriyara,Rabi,Green gram,Pusa Vishal
Udupi,Kidiyur,Rabi,Green gram,Pusa Vishal
Udupi,Kallianpur,Rabi,Green gram,Pusa Vishal
Udupi,Herga,Rabi,Green gram,Pusa Vishal
Udupi,Udupi,Rabi,Cowpea,DC-15
Udupi,Manipal,Rabi,Cowpea,DC-15
Udupi,Korangrapady,Rabi,Cowpea,DC-15
Udupi,Tonse East,Rabi,Cowpea,DC-15
Udupi,Tenkanidyoor,Rabi,Cowpea,DC-15
Udupi,Varamballi,Rabi,Cowpea,DC-15
Udupi,Saligrama,Rabi,Cowpea,DC-15
Udupi,Moodubelle,Rabi,Cowpea,DC-15
Udupi,Shirva,Rabi,Cowpea,DC-15
Udupi,Cherkady,Rabi,Cowpea,DC-15
Udupi,Perdoor,Rabi,Cowpea,DC-15
Udupi,Hiriyadka,Rabi,Cowpea,DC-15
Udupi,Hanjady,Rabi,Cowpea,DC-15
Udupi,Badagabettu,Rabi,Cowpea,DC-15
Udupi,Alevor,Rabi,Cowpea,DC-15
Udupi,Mooduthonse,Rabi,Cowpea,DC-15
Udupi,Udyavara,Rabi,Cowpea,DC-15
Udupi,Yenagudde,Rabi,Cowpea,DC-15
Udupi,Puttur,Rabi,Cowpea,DC-15
Udupi,Kudi,Rabi,Cowpea,DC-15
Udupi,Kurkalu,Rabi,Cowpea,DC-15
Udupi,Yerlapady,Rabi,Cowpea,DC-15
Udupi,Ninjoor,Rabi,Cowpea,DC-15
Udupi,Mallar,Rabi,Cowpea,DC-15
Udupi,Padubidri,Rabi,Cowpea,DC-15
Udupi,Hejamadi,Rabi,Cowpea,DC-15
Udupi,Bada,Rabi,Cowpea,DC-15
Udupi,Tenka Hanjady,Rabi,Cowpea,DC-15
Udupi,Shiriyara,Rabi,Cowpea,DC-15
Udupi,Kidiyur,Rabi,Cowpea,DC-15
Udupi,Kallianpur,Rabi,Cowpea,DC-15
Udupi,Herga,Rabi,Cowpea,DC-15
Udupi,Udupi,Rabi,Sesame,DS-1
Udupi,Manipal,Rabi,Sesame,DS-1
Udupi,Korangrapady,Rabi,Sesame,DS-1
Udupi,Tonse East,Rabi,Sesame,DS-1
Udupi,Tenkanidyoor,Rabi,Sesame,DS-1
Udupi,Varamballi,Rabi,Sesame,DS-1
Udupi,Saligrama,Rabi,Sesame,DS-1
Udupi,Moodubelle,Rabi,Sesame,DS-1
Udupi,Shirva,Rabi,Sesame,DS-1
Udupi,Cherkady,Rabi,Sesame,DS-1
Udupi,Perdoor,Rabi,Sesame,DS-1
Udupi,Hiriyadka,Rabi,Sesame,DS-1
Udupi,Hanjady,Rabi,Sesame,DS-1
Udupi,Badagabettu,Rabi,Sesame,DS-1
Udupi,Alevor,Rabi,Sesame,DS-1
Udupi,Mooduthonse,Rabi,Sesame,DS-1
Udupi,Udyavara,Rabi,Sesame,DS-1
Udupi,Yenagudde,Rabi,Sesame,DS-1
Udupi,Puttur,Rabi,Sesame,DS-1
Udupi,Kudi,Rabi,Sesame,DS-1
Udupi,Kurkalu,Rabi,Sesame,DS-1
Udupi,Yerlapady,Rabi,Sesame,DS-1
Udupi,Ninjoor,Rabi,Sesame,DS-1
Udupi,Mallar,Rabi,Sesame,DS-1
Udupi,Padubidri,Rabi,Sesame,DS-1
Udupi,Hejamadi,Rabi,Sesame,DS-1
Udupi,Bada,Rabi,Sesame,DS-1
Udupi,Tenka Hanjady,Rabi,Sesame,DS-1
Udupi,Shiriyara,Rabi,Sesame,DS-1
Udupi,Kidiyur,Rabi,Sesame,DS-1
Udupi,Kallianpur,Rabi,Sesame,DS-1
Udupi,Herga,Rabi,Sesame,DS-1
Udupi,Udupi,Summer,Paddy,Early-summer
Udupi,Manipal,Summer,Paddy,Early-summer
Udupi,Korangrapady,Summer,Paddy,Early-summer
Udupi,Tonse East,Summer,Paddy,Early-summer
Udupi,Tenkanidyoor,Summer,Paddy,Early-summer
Udupi,Varamballi,Summer,Paddy,Early-summer
Udupi,Saligrama,Summer,Paddy,Early-summer
Udupi,Moodubelle,Summer,Paddy,Early-summer
Udupi,Shirva,Summer,Paddy,Early-summer
Udupi,Cherkady,Summer,Paddy,Early-summer
Udupi,Perdoor,Summer,Paddy,Early-summer
Udupi,Hiriyadka,Summer,Paddy,Early-summer
Udupi,Hanjady,Summer,Paddy,Early-summer
Udupi,Badagabettu,Summer,Paddy,Early-summer
Udupi,Alevor,Summer,Paddy,Early-summer
Udupi,Mooduthonse,Summer,Paddy,Early-summer
Udupi,Udyavara,Summer,Paddy,Early-summer
Udupi,Yenagudde,Summer,Paddy,Early-summer
Udupi,Puttur,Summer,Paddy,Early-summer
Udupi,Kudi,Summer,Paddy,Early-summer
Udupi,Kurkalu,Summer,Paddy,Early-summer
Udupi,Yerlapady,Summer,Paddy,Early-summer
Udupi,Ninjoor,Summer,Paddy,Early-summer
Udupi,Mallar,Summer,Paddy,Early-summer
Udupi,Padubidri,Summer,Paddy,Early-summer
Udupi,Hejamadi,Summer,Paddy,Early-summer
Udupi,Bada,Summer,Paddy,Early-summer
Udupi,Tenka Hanjady,Summer,Paddy,Early-summer
Udupi,Shiriyara,Summer,Paddy,Early-summer
Udupi,Kidiyur,Summer,Paddy,Early-summer
Udupi,Kallianpur,Summer,Paddy,Early-summer
Udupi,Herga,Summer,Paddy,Early-summer
Udupi,Udupi,Summer,Paddy,Late-summer
Udupi,Manipal,Summer,Paddy,Late-summer
Udupi,Korangrapady,Summer,Paddy,Late-summer
Udupi,Tonse East,Summer,Paddy,Late-summer
Udupi,Tenkanidyoor,Summer,Paddy,Late-summer
Udupi,Varamballi,Summer,Paddy,Late-summer
Udupi,Saligrama,Summer,Paddy,Late-summer
Udupi,Moodubelle,Summer,Paddy,Late-summer
Udupi,Shirva,Summer,Paddy,Late-summer
Udupi,Cherkady,Summer,Paddy,Late-summer
Udupi,Perdoor,Summer,Paddy,Late-summer
Udupi,Hiriyadka,Summer,Paddy,Late-summer
Udupi,Hanjady,Summer,Paddy,Late-summer
Udupi,Badagabettu,Summer,Paddy,Late-summer
Udupi,Alevor,Summer,Paddy,Late-summer
Udupi,Mooduthonse,Summer,Paddy,Late-summer
Udupi,Udyavara,Summer,Paddy,Late-summer
Udupi,Yenagudde,Summer,Paddy,Late-summer
Udupi,Puttur,Summer,Paddy,Late-summer
Udupi,Kudi,Summer,Paddy,Late-summer
Udupi,Kurkalu,Summer,Paddy,Late-summer
Udupi,Yerlapady,Summer,Paddy,Late-summer
Udupi,Ninjoor,Summer,Paddy,Late-summer
Udupi,Mallar,Summer,Paddy,Late-summer
Udupi,Padubidri,Summer,Paddy,Late-summer
Udupi,Hejamadi,Summer,Paddy,Late-summer
Udupi,Bada,Summer,Paddy,Late-summer
Udupi,Tenka Hanjady,Summer,Paddy,Late-summer
Udupi,Shiriyara,Summer,Paddy,Late-summer
Udupi,Kidiyur,Summer,Paddy,Late-summer
Udupi,Kallianpur,Summer,Paddy,Late-summer
Udupi,Herga,Summer,Paddy,Late-summer
Udupi,Udupi,Summer,Paddy,Shakti
Udupi,Manipal,Summer,Paddy,Shakti
Udupi,Korangrapady,Summer,Paddy,Shakti
Udupi,Tonse East,Summer,Paddy,Shakti
Udupi,Tenkanidyoor,Summer,Paddy,Shakti
Udupi,Varamballi,Summer,Paddy,Shakti
Udupi,Saligrama,Summer,Paddy,Shakti
Udupi,Moodubelle,Summer,Paddy,Shakti
Udupi,Shirva,Summer,Paddy,Shakti
Udupi,Cherkady,Summer,Paddy,Shakti
Udupi,Perdoor,Summer,Paddy,Shakti
Udupi,Hiriyadka,Summer,Paddy,Shakti
Udupi,Hanjady,Summer,Paddy,Shakti
Udupi,Badagabettu,Summer,Paddy,Shakti
Udupi,Alevor,Summer,Paddy,Shakti
Udupi,Mooduthonse,Summer,Paddy,Shakti
Udupi,Udyavara,Summer,Paddy,Shakti
Udupi,Yenagudde,Summer,Paddy,Shakti
Udupi,Puttur,Summer,Paddy,Shakti
Udupi,Kudi,Summer,Paddy,Shakti
Udupi,Kurkalu,Summer,Paddy,Shakti
Udupi,Yerlapady,Summer,Paddy,Shakti
Udupi,Ninjoor,Summer,Paddy,Shakti
Udupi,Mallar,Summer,Paddy,Shakti
Udupi,Padubidri,Summer,Paddy,Shakti
Udupi,Hejamadi,Summer,Paddy,Shakti
Udupi,Bada,Summer,Paddy,Shakti
Udupi,Tenka Hanjady,Summer,Paddy,Shakti
Udupi,Shiriyara,Summer,Paddy,Shakti
Udupi,Kidiyur,Summer,Paddy,Shakti
Udupi,Kallianpur,Summer,Paddy,Shakti
Udupi,Herga,Summer,Paddy,Shakti
Udupi,Udupi,Summer,Paddy,CTH-1 (Mukti)
Udupi,Manipal,Summer,Paddy,CTH-1 (Mukti)
Udupi,Korangrapady,Summer,Paddy,CTH-1 (Mukti)
Udupi,Tonse East,Summer,Paddy,CTH-1 (Mukti)
Udupi,Tenkanidyoor,Summer,Paddy,CTH-1 (Mukti)
Udupi,Varamballi,Summer,Paddy,CTH-1 (Mukti)
Udupi,Saligrama,Summer,Paddy,CTH-1 (Mukti)
Udupi,Moodubelle,Summer,Paddy,CTH-1 (Mukti)
Udupi,Shirva,Summer,Paddy,CTH-1 (Mukti)
Udupi,Cherkady,Summer,Paddy,CTH-1 (Mukti)
Udupi,Perdoor,Summer,Paddy,CTH-1 (Mukti)
Udupi,Hiriyadka,Summer,Paddy,CTH-1 (Mukti)
Udupi,Hanjady,Summer,Paddy,CTH-1 (Mukti)
Udupi,Badagabettu,Summer,Paddy,CTH-1 (Mukti)
Udupi,Alevor,Summer,Paddy,CTH-1 (Mukti)
Udupi,Mooduthonse,Summer,Paddy,CTH-1 (Mukti)
Udupi,Udyavara,Summer,Paddy,CTH-1 (Mukti)
Udupi,Yenagudde,Summer,Paddy,CTH-1 (Mukti)
Udupi,Puttur,Summer,Paddy,CTH-1 (Mukti)
Udupi,Kudi,Summer,Paddy,CTH-1 (Mukti)
Udupi,Kurkalu,Summer,Paddy,CTH-1 (Mukti)
Udupi,Yerlapady,Summer,Paddy,CTH-1 (Mukti)
Udupi,Ninjoor,Summer,Paddy,CTH-1 (Mukti)
Udupi,Mallar,Summer,Paddy,CTH-1 (Mukti)
Udupi,Padubidri,Summer,Paddy,CTH-1 (Mukti)
Udupi,Hejamadi,Summer,Paddy,CTH-1 (Mukti)
Udupi,Bada,Summer,Paddy,CTH-1 (Mukti)
Udupi,Tenka Hanjady,Summer,Paddy,CTH-1 (Mukti)
Udupi,Shiriyara,Summer,Paddy,CTH-1 (Mukti)
Udupi,Kidiyur,Summer,Paddy,CTH-1 (Mukti)
Udupi,Kallianpur,Summer,Paddy,CTH-1 (Mukti)
Udupi,Herga,Summer,Paddy,CTH-1 (Mukti)
Udupi,Udupi,Summer,Paddy,Lata
Udupi,Manipal,Summer,Paddy,Lata
Udupi,Korangrapady,Summer,Paddy,Lata
Udupi,Tonse East,Summer,Paddy,Lata
Udupi,Tenkanidyoor,Summer,Paddy,Lata
Udupi,Varamballi,Summer,Paddy,Lata
Udupi,Saligrama,Summer,Paddy,Lata
Udupi,Moodubelle,Summer,Paddy,Lata
Udupi,Shirva,Summer,Paddy,Lata
Udupi,Cherkady,Summer,Paddy,Lata
Udupi,Perdoor,Summer,Paddy,Lata
Udupi,Hiriyadka,Summer,Paddy,Lata
Udupi,Hanjady,Summer,Paddy,Lata
Udupi,Badagabettu,Summer,Paddy,Lata
Udupi,Alevor,Summer,Paddy,Lata
Udupi,Mooduthonse,Summer,Paddy,Lata
Udupi,Udyavara,Summer,Paddy,Lata
Udupi,Yenagudde,Summer,Paddy,Lata
Udupi,Puttur,Summer,Paddy,Lata
Udupi,Kudi,Summer,Paddy,Lata
Udupi,Kurkalu,Summer,Paddy,Lata
Udupi,Yerlapady,Summer,Paddy,Lata
Udupi,Ninjoor,Summer,Paddy,Lata
Udupi,Mallar,Summer,Paddy,Lata
Udupi,Padubidri,Summer,Paddy,Lata
Udupi,Hejamadi,Summer,Paddy,Lata
Udupi,Bada,Summer,Paddy,Lata
Udupi,Tenka Hanjady,Summer,Paddy,Lata
Udupi,Shiriyara,Summer,Paddy,Lata
Udupi,Kidiyur,Summer,Paddy,Lata
Udupi,Kallianpur,Summer,Paddy,Lata
Udupi,Herga,Summer,Paddy,Lata
Udupi,Udupi,Summer,Groundnut,TMV-2
Udupi,Manipal,Summer,Groundnut,TMV-2
Udupi,Korangrapady,Summer,Groundnut,TMV-2
Udupi,Tonse East,Summer,Groundnut,TMV-2
Udupi,Tenkanidyoor,Summer,Groundnut,TMV-2
Udupi,Varamballi,Summer,Groundnut,TMV-2
Udupi,Saligrama,Summer,Groundnut,TMV-2
Udupi,Moodubelle,Summer,Groundnut,TMV-2
Udupi,Shirva,Summer,Groundnut,TMV-2
Udupi,Cherkady,Summer,Groundnut,TMV-2
Udupi,Perdoor,Summer,Groundnut,TMV-2
Udupi,Hiriyadka,Summer,Groundnut,TMV-2
Udupi,Hanjady,Summer,Groundnut,TMV-2
Udupi,Badagabettu,Summer,Groundnut,TMV-2
Udupi,Alevor,Summer,Groundnut,TMV-2
Udupi,Mooduthonse,Summer,Groundnut,TMV-2
Udupi,Udyavara,Summer,Groundnut,TMV-2
Udupi,Yenagudde,Summer,Groundnut,TMV-2
Udupi,Puttur,Summer,Groundnut,TMV-2
Udupi,Kudi,Summer,Groundnut,TMV-2
Udupi,Kurkalu,Summer,Groundnut,TMV-2
Udupi,Yerlapady,Summer,Groundnut,TMV-2
Udupi,Ninjoor,Summer,Groundnut,TMV-2
Udupi,Mallar,Summer,Groundnut,TMV-2
Udupi,Padubidri,Summer,Groundnut,TMV-2
Udupi,Hejamadi,Summer,Groundnut,TMV-2
Udupi,Bada,Summer,Groundnut,TMV-2
Udupi,Tenka Hanjady,Summer,Groundnut,TMV-2
Udupi,Shiriyara,Summer,Groundnut,TMV-2
Udupi,Kidiyur,Summer,Groundnut,TMV-2
Udupi,Kallianpur,Summer,Groundnut,TMV-2
Udupi,Herga,Summer,Groundnut,TMV-2
Udupi,Udupi,Summer,Groundnut,DH 3-30
Udupi,Manipal,Summer,Groundnut,DH 3-30
Udupi,Korangrapady,Summer,Groundnut,DH 3-30
Udupi,Tonse East,Summer,Groundnut,DH 3-30
Udupi,Tenkanidyoor,Summer,Groundnut,DH 3-30
Udupi,Varamballi,Summer,Groundnut,DH 3-30
Udupi,Saligrama,Summer,Groundnut,DH 3-30
Udupi,Moodubelle,Summer,Groundnut,DH 3-30
Udupi,Shirva,Summer,Groundnut,DH 3-30
Udupi,Cherkady,Summer,Groundnut,DH 3-30
Udupi,Perdoor,Summer,Groundnut,DH 3-30
Udupi,Hiriyadka,Summer,Groundnut,DH 3-30
Udupi,Hanjady,Summer,Groundnut,DH 3-30
Udupi,Badagabettu,Summer,Groundnut,DH 3-30
Udupi,Alevor,Summer,Groundnut,DH 3-30
Udupi,Mooduthonse,Summer,Groundnut,DH 3-30
Udupi,Udyavara,Summer,Groundnut,DH 3-30
Udupi,Yenagudde,Summer,Groundnut,DH 3-30
Udupi,Puttur,Summer,Groundnut,DH 3-30
Udupi,Kudi,Summer,Groundnut,DH 3-30
Udupi,Kurkalu,Summer,Groundnut,DH 3-30
Udupi,Yerlapady,Summer,Groundnut,DH 3-30
Udupi,Ninjoor,Summer,Groundnut,DH 3-30
Udupi,Mallar,Summer,Groundnut,DH 3-30
Udupi,Padubidri,Summer,Groundnut,DH 3-30
Udupi,Hejamadi,Summer,Groundnut,DH 3-30
Udupi,Bada,Summer,Groundnut,DH 3-30
Udupi,Tenka Hanjady,Summer,Groundnut,DH 3-30
Udupi,Shiriyara,Summer,Groundnut,DH 3-30
Udupi,Kidiyur,Summer,Groundnut,DH 3-30
Udupi,Kallianpur,Summer,Groundnut,DH 3-30
Udupi,Herga,Summer,Groundnut,DH 3-30
Udupi,Udupi,Summer,Vegetables,Brinjal (G-4)
Udupi,Manipal,Summer,Vegetables,Brinjal (G-4)
Udupi,Korangrapady,Summer,Vegetables,Brinjal (G-4)
Udupi,Tonse East,Summer,Vegetables,Brinjal (G-4)
Udupi,Tenkanidyoor,Summer,Vegetables,Brinjal (G-4)
Udupi,Varamballi,Summer,Vegetables,Brinjal (G-4)
Udupi,Saligrama,Summer,Vegetables,Brinjal (G-4)
Udupi,Moodubelle,Summer,Vegetables,Brinjal (G-4)
Udupi,Shirva,Summer,Vegetables,Brinjal (G-4)
Udupi,Cherkady,Summer,Vegetables,Brinjal (G-4)
Udupi,Perdoor,Summer,Vegetables,Brinjal (G-4)
Udupi,Hiriyadka,Summer,Vegetables,Brinjal (G-4)
Udupi,Hanjady,Summer,Vegetables,Brinjal (G-4)
Udupi,Badagabettu,Summer,Vegetables,Brinjal (G-4)
Udupi,Alevor,Summer,Vegetables,Brinjal (G-4)
Udupi,Mooduthonse,Summer,Vegetables,Brinjal (G-4)
Udupi,Udyavara,Summer,Vegetables,Brinjal (G-4)
Udupi,Yenagudde,Summer,Vegetables,Brinjal (G-4)
Udupi,Puttur,Summer,Vegetables,Brinjal (G-4)
Udupi,Kudi,Summer,Vegetables,Brinjal (G-4)
Udupi,Kurkalu,Summer,Vegetables,Brinjal (G-4)
Udupi,Yerlapady,Summer,Vegetables,Brinjal (G-4)
Udupi,Ninjoor,Summer,Vegetables,Brinjal (G-4)
Udupi,Mallar,Summer,Vegetables,Brinjal (G-4)
Udupi,Padubidri,Summer,Vegetables,Brinjal (G-4)
Udupi,Hejamadi,Summer,Vegetables,Brinjal (G-4)
Udupi,Bada,Summer,Vegetables,Brinjal (G-4)
Udupi,Tenka Hanjady,Summer,Vegetables,Brinjal (G-4)
Udupi,Shiriyara,Summer,Vegetables,Brinjal (G-4)
Udupi,Kidiyur,Summer,Vegetables,Brinjal (G-4)
Udupi,Kallianpur,Summer,Vegetables,Brinjal (G-4)
Udupi,Herga,Summer,Vegetables,Brinjal (G-4)
Udupi,Udupi,Summer,Vegetables,Chilli (Poosa Jwala)
Udupi,Manipal,Summer,Vegetables,Chilli (Poosa Jwala)
Udupi,Korangrapady,Summer,Vegetables,Chilli (Poosa Jwala)
Udupi,Tonse East,Summer,Vegetables,Chilli (Poosa Jwala)
Udupi,Tenkanidyoor,Summer,Vegetables,Chilli (Poosa Jwala)
Udupi,Varamballi,Summer,Vegetables,Chilli (Poosa Jwala)
Udupi,Saligrama,Summer,Vegetables,Chilli (Poosa Jwala)
Udupi,Moodubelle,Summer,Vegetables,Chilli (Poosa Jwala)
Udupi,Shirva,Summer,Vegetables,Chilli (Poosa Jwala)
Udupi,Cherkady,Summer,Vegetables,Chilli (Poosa Jwala)
Udupi,Perdoor,Summer,Vegetables,Chilli (Poosa Jwala)
Udupi,Hiriyadka,Summer,Vegetables,Chilli (Poosa Jwala)
Udupi,Hanjady,Summer,Vegetables,Chilli (Poosa Jwala)
Udupi,Badagabettu,Summer,Vegetables,Chilli (Poosa Jwala)
Udupi,Alevor,Summer,Vegetables,Chilli (Poosa Jwala)
Udupi,Mooduthonse,Summer,Vegetables,Chilli (Poosa Jwala)
Udupi,Udyavara,Summer,Vegetables,Chilli (Poosa Jwala)
Udupi,Yenagudde,Summer,Vegetables,Chilli (Poosa Jwala)
Udupi,Puttur,Summer,Vegetables,Chilli (Poosa Jwala)
Udupi,Kudi,Summer,Vegetables,Chilli (Poosa Jwala)
Udupi,Kurkalu,Summer,Vegetables,Chilli (Poosa Jwala)
Udupi,Yerlapady,Summer,Vegetables,Chilli (Poosa Jwala)
Udupi,Ninjoor,Summer,Vegetables,Chilli (Poosa Jwala)
Udupi,Mallar,Summer,Vegetables,Chilli (Poosa Jwala)
Udupi,Padubidri,Summer,Vegetables,Chilli (Poosa Jwala)
Udupi,Hejamadi,Summer,Vegetables,Chilli (Poosa Jwala)
Udupi,Bada,Summer,Vegetables,Chilli (Poosa Jwala)
Udupi,Tenka Hanjady,Summer,Vegetables,Chilli (Poosa Jwala)
Udupi,Shiriyara,Summer,Vegetables,Chilli (Poosa Jwala)
Udupi,Kidiyur,Summer,Vegetables,Chilli (Poosa Jwala)
Udupi,Kallianpur,Summer,Vegetables,Chilli (Poosa Jwala)
Udupi,Herga,Summer,Vegetables,Chilli (Poosa Jwala)
Udupi,Udupi,Summer,Vegetables,Cucumber
Udupi,Manipal,Summer,Vegetables,Cucumber
Udupi,Korangrapady,Summer,Vegetables,Cucumber
Udupi,Tonse East,Summer,Vegetables,Cucumber
Udupi,Tenkanidyoor,Summer,Vegetables,Cucumber
Udupi,Varamballi,Summer,Vegetables,Cucumber
Udupi,Saligrama,Summer,Vegetables,Cucumber
Udupi,Moodubelle,Summer,Vegetables,Cucumber
Udupi,Shirva,Summer,Vegetables,Cucumber
Udupi,Cherkady,Summer,Vegetables,Cucumber
Udupi,Perdoor,Summer,Vegetables,Cucumber
Udupi,Hiriyadka,Summer,Vegetables,Cucumber
Udupi,Hanjady,Summer,Vegetables,Cucumber
Udupi,Badagabettu,Summer,Vegetables,Cucumber
Udupi,Alevor,Summer,Vegetables,Cucumber
Udupi,Mooduthonse,Summer,Vegetables,Cucumber
Udupi,Udyavara,Summer,Vegetables,Cucumber
Udupi,Yenagudde,Summer,Vegetables,Cucumber
Udupi,Puttur,Summer,Vegetables,Cucumber
Udupi,Kudi,Summer,Vegetables,Cucumber
Udupi,Kurkalu,Summer,Vegetables,Cucumber
Udupi,Yerlapady,Summer,Vegetables,Cucumber
Udupi,Ninjoor,Summer,Vegetables,Cucumber
Udupi,Mallar,Summer,Vegetables,Cucumber
Udupi,Padubidri,Summer,Vegetables,Cucumber
Udupi,Hejamadi,Summer,Vegetables,Cucumber
Udupi,Bada,Summer,Vegetables,Cucumber
Udupi,Tenka Hanjady,Summer,Vegetables,Cucumber
Udupi,Shiriyara,Summer,Vegetables,Cucumber
Udupi,Kidiyur,Summer,Vegetables,Cucumber
Udupi,Kallianpur,Summer,Vegetables,Cucumber
Udupi,Herga,Summer,Vegetables,Cucumber
Udupi,Udupi,Summer,Vegetables,Radish
Udupi,Manipal,Summer,Vegetables,Radish
Udupi,Korangrapady,Summer,Vegetables,Radish
Udupi,Tonse East,Summer,Vegetables,Radish
Udupi,Tenkanidyoor,Summer,Vegetables,Radish
Udupi,Varamballi,Summer,Vegetables,Radish
Udupi,Saligrama,Summer,Vegetables,Radish
Udupi,Moodubelle,Summer,Vegetables,Radish
Udupi,Shirva,Summer,Vegetables,Radish
Udupi,Cherkady,Summer,Vegetables,Radish
Udupi,Perdoor,Summer,Vegetables,Radish
Udupi,Hiriyadka,Summer,Vegetables,Radish
Udupi,Hanjady,Summer,Vegetables,Radish
Udupi,Badagabettu,Summer,Vegetables,Radish
Udupi,Alevor,Summer,Vegetables,Radish
Udupi,Mooduthonse,Summer,Vegetables,Radish
Udupi,Udyavara,Summer,Vegetables,Radish
Udupi,Yenagudde,Summer,Vegetables,Radish
Udupi,Puttur,Summer,Vegetables,Radish
Udupi,Kudi,Summer,Vegetables,Radish
Udupi,Kurkalu,Summer,Vegetables,Radish
Udupi,Yerlapady,Summer,Vegetables,Radish
Udupi,Ninjoor,Summer,Vegetables,Radish
Udupi,Mallar,Summer,Vegetables,Radish
Udupi,Padubidri,Summer,Vegetables,Radish
Udupi,Hejamadi,Summer,Vegetables,Radish
Udupi,Bada,Summer,Vegetables,Radish
Udupi,Tenka Hanjady,Summer,Vegetables,Radish
Udupi,Shiriyara,Summer,Vegetables,Radish
Udupi,Kidiyur,Summer,Vegetables,Radish
Udupi,Kallianpur,Summer,Vegetables,Radish
Udupi,Herga,Summer,Vegetables,Radish
Udupi,Udupi,Summer,Vegetables,Lady’s Finger
Udupi,Manipal,Summer,Vegetables,Lady’s Finger
Udupi,Korangrapady,Summer,Vegetables,Lady’s Finger
Udupi,Tonse East,Summer,Vegetables,Lady’s Finger
Udupi,Tenkanidyoor,Summer,Vegetables,Lady’s Finger
Udupi,Varamballi,Summer,Vegetables,Lady’s Finger
Udupi,Saligrama,Summer,Vegetables,Lady’s Finger
Udupi,Moodubelle,Summer,Vegetables,Lady’s Finger
Udupi,Shirva,Summer,Vegetables,Lady’s Finger
Udupi,Cherkady,Summer,Vegetables,Lady’s Finger
Udupi,Perdoor,Summer,Vegetables,Lady’s Finger
Udupi,Hiriyadka,Summer,Vegetables,Lady’s Finger
Udupi,Hanjady,Summer,Vegetables,Lady’s Finger
Udupi,Badagabettu,Summer,Vegetables,Lady’s Finger
Udupi,Alevor,Summer,Vegetables,Lady’s Finger
Udupi,Mooduthonse,Summer,Vegetables,Lady’s Finger
Udupi,Udyavara,Summer,Vegetables,Lady’s Finger
Udupi,Yenagudde,Summer,Vegetables,Lady’s Finger
Udupi,Puttur,Summer,Vegetables,Lady’s Finger
Udupi,Kudi,Summer,Vegetables,Lady’s Finger
Udupi,Kurkalu,Summer,Vegetables,Lady’s Finger
Udupi,Yerlapady,Summer,Vegetables,Lady’s Finger
Udupi,Ninjoor,Summer,Vegetables,Lady’s Finger
Udupi,Mallar,Summer,Vegetables,Lady’s Finger
Udupi,Padubidri,Summer,Vegetables,Lady’s Finger
Udupi,Hejamadi,Summer,Vegetables,Lady’s Finger
Udupi,Bada,Summer,Vegetables,Lady’s Finger
Udupi,Tenka Hanjady,Summer,Vegetables,Lady’s Finger
Udupi,Shiriyara,Summer,Vegetables,Lady’s Finger
Udupi,Kidiyur,Summer,Vegetables,Lady’s Finger
Udupi,Kallianpur,Summer,Vegetables,Lady’s Finger
Udupi,Herga,Summer,Vegetables,Lady’s Finger
Kundapur,Shiroor,Kharif,Paddy,MO-4 (Bhadra)
Kundapur,Yedthare,Kharif,Paddy,MO-4 (Bhadra)
Kundapur,Paduvari,Kharif,Paddy,MO-4 (Bhadra)
Kundapur,Uppunda,Kharif,Paddy,MO-4 (Bhadra)
Kundapur,Navunda,Kharif,Paddy,MO-4 (Bhadra)
Kundapur,Maravanthe,Kharif,Paddy,MO-4 (Bhadra)
Kundapur,Nada,Kharif,Paddy,MO-4 (Bhadra)
Kundapur,Vandse,Kharif,Paddy,MO-4 (Bhadra)
Kundapur,Bijoor,Kharif,Paddy,MO-4 (Bhadra)
Kundapur,Beejadi,Kharif,Paddy,MO-4 (Bhadra)
Kundapur,Koteshwar,Kharif,Paddy,MO-4 (Bhadra)
Kundapur,Basrur,Kharif,Paddy,MO-4 (Bhadra)
Kundapur,Gangolli,Kharif,Paddy,MO-4 (Bhadra)
Kundapur,Gujjadi,Kharif,Paddy,MO-4 (Bhadra)
Kundapur,Gulvadi,Kharif,Paddy,MO-4 (Bhadra)
Kundapur,Hermadi,Kharif,Paddy,MO-4 (Bhadra)
Kundapur,Kodi,Kharif,Paddy,MO-4 (Bhadra)
Kundapur,Kumbashi,Kharif,Paddy,MO-4 (Bhadra)
Kundapur,Thekkatte,Kharif,Paddy,MO-4 (Bhadra)
Kundapur,Jadkal,Kharif,Paddy,MO-4 (Bhadra)
Kundapur,Yelith,Kharif,Paddy,MO-4 (Bhadra)
Kundapur,Golihole,Kharif,Paddy,MO-4 (Bhadra)
Kundapur,Kollur,Kharif,Paddy,MO-4 (Bhadra)
Kundapur,Keradi,Kharif,Paddy,MO-4 (Bhadra)
Kundapur,Vandaru,Kharif,Paddy,MO-4 (Bhadra)
Kundapur,Halady,Kharif,Paddy,MO-4 (Bhadra)
Kundapur,Ampar,Kharif,Paddy,MO-4 (Bhadra)
Kundapur,Shankaranarayana,Kharif,Paddy,MO-4 (Bhadra)
Kundapur,Ajri,Kharif,Paddy,MO-4 (Bhadra)
Kundapur,Hallihole,Kharif,Paddy,MO-4 (Bhadra)
Kundapur,Hosangadi,Kharif,Paddy,MO-4 (Bhadra)
Kundapur,Siddapur,Kharif,Paddy,MO-4 (Bhadra)
Kundapur,Amasbailu,Kharif,Paddy,MO-4 (Bhadra)
Kundapur,Thombattu,Kharif,Paddy,MO-4 (Bhadra)
Kundapur,Shiroor,Kharif,Paddy,MO-4 (Bhadra)
Kundapur,Yedthare,Kharif,Paddy,MO-4 (Bhadra)
Kundapur,Paduvari,Kharif,Paddy,MO-4 (Bhadra)
Kundapur,Uppunda,Kharif,Paddy,MO-4 (Bhadra)
Kundapur,Navunda,Kharif,Paddy,MO-4 (Bhadra)
Kundapur,Maravanthe,Kharif,Paddy,MO-4 (Bhadra)
Kundapur,Nada,Kharif,Paddy,MO-4 (Bhadra)
Kundapur,Vandse,Kharif,Paddy,MO-4 (Bhadra)
Kundapur,Bijoor,Kharif,Paddy,MO-4 (Bhadra)
Kundapur,Beejadi,Kharif,Paddy,MO-4 (Bhadra)
Kundapur,Koteshwar,Kharif,Paddy,MO-4 (Bhadra)
Kundapur,Basrur,Kharif,Paddy,MO-4 (Bhadra)
Kundapur,Gangolli,Kharif,Paddy,MO-4 (Bhadra)
Kundapur,Gujjadi,Kharif,Paddy,MO-4 (Bhadra)
Kundapur,Gulvadi,Kharif,Paddy,MO-4 (Bhadra)
Kundapur,Hermadi,Kharif,Paddy,MO-4 (Bhadra)
Kundapur,Kodi,Kharif,Paddy,MO-4 (Bhadra)
Kundapur,Kumbashi,Kharif,Paddy,MO-4 (Bhadra)
Kundapur,Thekkatte,Kharif,Paddy,MO-4 (Bhadra)
Kundapur,Jadkal,Kharif,Paddy,MO-4 (Bhadra)
Kundapur,Yelith,Kharif,Paddy,MO-4 (Bhadra)
Kundapur,Golihole,Kharif,Paddy,MO-4 (Bhadra)
Kundapur,Kollur,Kharif,Paddy,MO-4 (Bhadra)
Kundapur,Keradi,Kharif,Paddy,MO-4 (Bhadra)
Kundapur,Vandaru,Kharif,Paddy,MO-4 (Bhadra)
Kundapur,Halady,Kharif,Paddy,MO-4 (Bhadra)
Kundapur,Ampar,Kharif,Paddy,MO-4 (Bhadra)
Kundapur,Shankaranarayana,Kharif,Paddy,MO-4 (Bhadra)
Kundapur,Ajri,Kharif,Paddy,MO-4 (Bhadra)
Kundapur,Hallihole,Kharif,Paddy,MO-4 (Bhadra)
Kundapur,Hosangadi,Kharif,Paddy,MO-4 (Bhadra)
Kundapur,Siddapur,Kharif,Paddy,MO-4 (Bhadra)
Kundapur,Amasbailu,Kharif,Paddy,MO-4 (Bhadra)
Kundapur,Thombattu,Kharif,Paddy,MO-4 (Bhadra)
Kundapur,Shiroor,Kharif,Paddy,Mahaveer
Kundapur,Yedthare,Kharif,Paddy,Mahaveer
Kundapur,Paduvari,Kharif,Paddy,Mahaveer
Kundapur,Uppunda,Kharif,Paddy,Mahaveer
Kundapur,Navunda,Kharif,Paddy,Mahaveer
Kundapur,Maravanthe,Kharif,Paddy,Mahaveer
Kundapur,Nada,Kharif,Paddy,Mahaveer
Kundapur,Vandse,Kharif,Paddy,Mahaveer
Kundapur,Bijoor,Kharif,Paddy,Mahaveer
Kundapur,Beejadi,Kharif,Paddy,Mahaveer
Kundapur,Koteshwar,Kharif,Paddy,Mahaveer
Kundapur,Basrur,Kharif,Paddy,Mahaveer
Kundapur,Gangolli,Kharif,Paddy,Mahaveer
Kundapur,Gujjadi,Kharif,Paddy,Mahaveer
Kundapur,Gulvadi,Kharif,Paddy,Mahaveer
Kundapur,Hermadi,Kharif,Paddy,Mahaveer
Kundapur,Kodi,Kharif,Paddy,Mahaveer
Kundapur,Kumbashi,Kharif,Paddy,Mahaveer
Kundapur,Thekkatte,Kharif,Paddy,Mahaveer
Kundapur,Jadkal,Kharif,Paddy,Mahaveer
Kundapur,Yelith,Kharif,Paddy,Mahaveer
Kundapur,Golihole,Kharif,Paddy,Mahaveer
Kundapur,Kollur,Kharif,Paddy,Mahaveer
Kundapur,Keradi,Kharif,Paddy,Mahaveer
Kundapur,Vandaru,Kharif,Paddy,Mahaveer
Kundapur,Halady,Kharif,Paddy,Mahaveer
Kundapur,Ampar,Kharif,Paddy,Mahaveer
Kundapur,Shankaranarayana,Kharif,Paddy,Mahaveer
Kundapur,Ajri,Kharif,Paddy,Mahaveer
Kundapur,Hallihole,Kharif,Paddy,Mahaveer
Kundapur,Hosangadi,Kharif,Paddy,Mahaveer
Kundapur,Siddapur,Kharif,Paddy,Mahaveer
Kundapur,Amasbailu,Kharif,Paddy,Mahaveer
Kundapur,Thombattu,Kharif,Paddy,Mahaveer
Kundapur,Shiroor,Kharif,Paddy,Jaya
Kundapur,Yedthare,Kharif,Paddy,Jaya
Kundapur,Paduvari,Kharif,Paddy,Jaya
Kundapur,Uppunda,Kharif,Paddy,Jaya
Kundapur,Navunda,Kharif,Paddy,Jaya
Kundapur,Maravanthe,Kharif,Paddy,Jaya
Kundapur,Nada,Kharif,Paddy,Jaya
Kundapur,Vandse,Kharif,Paddy,Jaya
Kundapur,Bijoor,Kharif,Paddy,Jaya
Kundapur,Beejadi,Kharif,Paddy,Jaya
Kundapur,Koteshwar,Kharif,Paddy,Jaya
Kundapur,Basrur,Kharif,Paddy,Jaya
Kundapur,Gangolli,Kharif,Paddy,Jaya
Kundapur,Gujjadi,Kharif,Paddy,Jaya
Kundapur,Gulvadi,Kharif,Paddy,Jaya
Kundapur,Hermadi,Kharif,Paddy,Jaya
Kundapur,Kodi,Kharif,Paddy,Jaya
Kundapur,Kumbashi,Kharif,Paddy,Jaya
Kundapur,Thekkatte,Kharif,Paddy,Jaya
Kundapur,Jadkal,Kharif,Paddy,Jaya
Kundapur,Yelith,Kharif,Paddy,Jaya
Kundapur,Golihole,Kharif,Paddy,Jaya
Kundapur,Kollur,Kharif,Paddy,Jaya
Kundapur,Keradi,Kharif,Paddy,Jaya
Kundapur,Vandaru,Kharif,Paddy,Jaya
Kundapur,Halady,Kharif,Paddy,Jaya
Kundapur,Ampar,Kharif,Paddy,Jaya
Kundapur,Shankaranarayana,Kharif,Paddy,Jaya
Kundapur,Ajri,Kharif,Paddy,Jaya
Kundapur,Hallihole,Kharif,Paddy,Jaya
Kundapur,Hosangadi,Kharif,Paddy,Jaya
Kundapur,Siddapur,Kharif,Paddy,Jaya
Kundapur,Amasbailu,Kharif,Paddy,Jaya
Kundapur,Thombattu,Kharif,Paddy,Jaya
Kundapur,Shiroor,Rabi,Paddy,Edasuggi
Kundapur,Yedthare,Rabi,Paddy,Edasuggi
Kundapur,Paduvari,Rabi,Paddy,Edasuggi
Kundapur,Uppunda,Rabi,Paddy,Edasuggi
Kundapur,Navunda,Rabi,Paddy,Edasuggi
Kundapur,Maravanthe,Rabi,Paddy,Edasuggi
Kundapur,Nada,Rabi,Paddy,Edasuggi
Kundapur,Vandse,Rabi,Paddy,Edasuggi
Kundapur,Bijoor,Rabi,Paddy,Edasuggi
Kundapur,Beejadi,Rabi,Paddy,Edasuggi
Kundapur,Koteshwar,Rabi,Paddy,Edasuggi
Kundapur,Basrur,Rabi,Paddy,Edasuggi
Kundapur,Gangolli,Rabi,Paddy,Edasuggi
Kundapur,Gujjadi,Rabi,Paddy,Edasuggi
Kundapur,Gulvadi,Rabi,Paddy,Edasuggi
Kundapur,Hermadi,Rabi,Paddy,Edasuggi
Kundapur,Kodi,Rabi,Paddy,Edasuggi
Kundapur,Kumbashi,Rabi,Paddy,Edasuggi
Kundapur,Thekkatte,Rabi,Paddy,Edasuggi
Kundapur,Jadkal,Rabi,Paddy,Edasuggi
Kundapur,Yelith,Rabi,Paddy,Edasuggi
Kundapur,Golihole,Rabi,Paddy,Edasuggi
Kundapur,Kollur,Rabi,Paddy,Edasuggi
Kundapur,Keradi,Rabi,Paddy,Edasuggi
Kundapur,Vandaru,Rabi,Paddy,Edasuggi
Kundapur,Halady,Rabi,Paddy,Edasuggi
Kundapur,Ampar,Rabi,Paddy,Edasuggi
Kundapur,Shankaranarayana,Rabi,Paddy,Edasuggi
Kundapur,Ajri,Rabi,Paddy,Edasuggi
Kundapur,Hallihole,Rabi,Paddy,Edasuggi
Kundapur,Hosangadi,Rabi,Paddy,Edasuggi
Kundapur,Siddapur,Rabi,Paddy,Edasuggi
Kundapur,Amasbailu,Rabi,Paddy,Edasuggi
Kundapur,Thombattu,Rabi,Paddy,Edasuggi
Kundapur,Shiroor,Rabi,Paddy,Suggi
Kundapur,Yedthare,Rabi,Paddy,Suggi
Kundapur,Paduvari,Rabi,Paddy,Suggi
Kundapur,Uppunda,Rabi,Paddy,Suggi
Kundapur,Navunda,Rabi,Paddy,Suggi
Kundapur,Maravanthe,Rabi,Paddy,Suggi
Kundapur,Nada,Rabi,Paddy,Suggi
Kundapur,Vandse,Rabi,Paddy,Suggi
Kundapur,Bijoor,Rabi,Paddy,Suggi
Kundapur,Beejadi,Rabi,Paddy,Suggi
Kundapur,Koteshwar,Rabi,Paddy,Suggi
Kundapur,Basrur,Rabi,Paddy,Suggi
Kundapur,Gangolli,Rabi,Paddy,Suggi
Kundapur,Gujjadi,Rabi,Paddy,Suggi
Kundapur,Gulvadi,Rabi,Paddy,Suggi
Kundapur,Hermadi,Rabi,Paddy,Suggi
Kundapur,Kodi,Rabi,Paddy,Suggi
Kundapur,Kumbashi,Rabi,Paddy,Suggi
Kundapur,Thekkatte,Rabi,Paddy,Suggi
Kundapur,Jadkal,Rabi,Paddy,Suggi
Kundapur,Yelith,Rabi,Paddy,Suggi
Kundapur,Golihole,Rabi,Paddy,Suggi
Kundapur,Kollur,Rabi,Paddy,Suggi
Kundapur,Keradi,Rabi,Paddy,Suggi
Kundapur,Vandaru,Rabi,Paddy,Suggi
Kundapur,Halady,Rabi,Paddy,Suggi
Kundapur,Ampar,Rabi,Paddy,Suggi
Kundapur,Shankaranarayana,Rabi,Paddy,Suggi
Kundapur,Ajri,Rabi,Paddy,Suggi
Kundapur,Hallihole,Rabi,Paddy,Suggi
Kundapur,Hosangadi,Rabi,Paddy,Suggi
Kundapur,Siddapur,Rabi,Paddy,Suggi
Kundapur,Amasbailu,Rabi,Paddy,Suggi
Kundapur,Thombattu,Rabi,Paddy,Suggi
Kundapur,Shiroor,Rabi,Paddy,MO-4
Kundapur,Yedthare,Rabi,Paddy,MO-4
Kundapur,Paduvari,Rabi,Paddy,MO-4
Kundapur,Uppunda,Rabi,Paddy,MO-4
Kundapur,Navunda,Rabi,Paddy,MO-4
Kundapur,Maravanthe,Rabi,Paddy,MO-4
Kundapur,Nada,Rabi,Paddy,MO-4
Kundapur,Vandse,Rabi,Paddy,MO-4
Kundapur,Bijoor,Rabi,Paddy,MO-4
Kundapur,Beejadi,Rabi,Paddy,MO-4
Kundapur,Koteshwar,Rabi,Paddy,MO-4
Kundapur,Basrur,Rabi,Paddy,MO-4
Kundapur,Gangolli,Rabi,Paddy,MO-4
Kundapur,Gujjadi,Rabi,Paddy,MO-4
Kundapur,Gulvadi,Rabi,Paddy,MO-4
Kundapur,Hermadi,Rabi,Paddy,MO-4
Kundapur,Kodi,Rabi,Paddy,MO-4
Kundapur,Kumbashi,Rabi,Paddy,MO-4
Kundapur,Thekkatte,Rabi,Paddy,MO-4
Kundapur,Jadkal,Rabi,Paddy,MO-4
Kundapur,Yelith,Rabi,Paddy,MO-4
Kundapur,Golihole,Rabi,Paddy,MO-4
Kundapur,Kollur,Rabi,Paddy,MO-4
Kundapur,Keradi,Rabi,Paddy,MO-4
Kundapur,Vandaru,Rabi,Paddy,MO-4
Kundapur,Halady,Rabi,Paddy,MO-4
Kundapur,Ampar,Rabi,Paddy,MO-4
Kundapur,Shankaranarayana,Rabi,Paddy,MO-4
Kundapur,Ajri,Rabi,Paddy,MO-4
Kundapur,Hallihole,Rabi,Paddy,MO-4
Kundapur,Hosangadi,Rabi,Paddy,MO-4
Kundapur,Siddapur,Rabi,Paddy,MO-4
Kundapur,Amasbailu,Rabi,Paddy,MO-4
Kundapur,Thombattu,Rabi,Paddy,MO-4
Kundapur,Shiroor,Rabi,Paddy,Shakti
Kundapur,Yedthare,Rabi,Paddy,Shakti
Kundapur,Paduvari,Rabi,Paddy,Shakti
Kundapur,Uppunda,Rabi,Paddy,Shakti
Kundapur,Navunda,Rabi,Paddy,Shakti
Kundapur,Maravanthe,Rabi,Paddy,Shakti
Kundapur,Nada,Rabi,Paddy,Shakti
Kundapur,Vandse,Rabi,Paddy,Shakti
Kundapur,Bijoor,Rabi,Paddy,Shakti
Kundapur,Beejadi,Rabi,Paddy,Shakti
Kundapur,Koteshwar,Rabi,Paddy,Shakti
Kundapur,Basrur,Rabi,Paddy,Shakti
Kundapur,Gangolli,Rabi,Paddy,Shakti
Kundapur,Gujjadi,Rabi,Paddy,Shakti
Kundapur,Gulvadi,Rabi,Paddy,Shakti
Kundapur,Hermadi,Rabi,Paddy,Shakti
Kundapur,Kodi,Rabi,Paddy,Shakti
Kundapur,Kumbashi,Rabi,Paddy,Shakti
Kundapur,Thekkatte,Rabi,Paddy,Shakti
Kundapur,Jadkal,Rabi,Paddy,Shakti
Kundapur,Yelith,Rabi,Paddy,Shakti
Kundapur,Golihole,Rabi,Paddy,Shakti
Kundapur,Kollur,Rabi,Paddy,Shakti
Kundapur,Keradi,Rabi,Paddy,Shakti
Kundapur,Vandaru,Rabi,Paddy,Shakti
Kundapur,Halady,Rabi,Paddy,Shakti
Kundapur,Ampar,Rabi,Paddy,Shakti
Kundapur,Shankaranarayana,Rabi,Paddy,Shakti
Kundapur,Ajri,Rabi,Paddy,Shakti
Kundapur,Hallihole,Rabi,Paddy,Shakti
Kundapur,Hosangadi,Rabi,Paddy,Shakti
Kundapur,Siddapur,Rabi,Paddy,Shakti
Kundapur,Amasbailu,Rabi,Paddy,Shakti
Kundapur,Thombattu,Rabi,Paddy,Shakti
Kundapur,Shiroor,Rabi,Groundnut,TMV-2
Kundapur,Yedthare,Rabi,Groundnut,TMV-2
Kundapur,Paduvari,Rabi,Groundnut,TMV-2
Kundapur,Uppunda,Rabi,Groundnut,TMV-2
Kundapur,Navunda,Rabi,Groundnut,TMV-2
Kundapur,Maravanthe,Rabi,Groundnut,TMV-2
Kundapur,Nada,Rabi,Groundnut,TMV-2
Kundapur,Vandse,Rabi,Groundnut,TMV-2
Kundapur,Bijoor,Rabi,Groundnut,TMV-2
Kundapur,Beejadi,Rabi,Groundnut,TMV-2
Kundapur,Koteshwar,Rabi,Groundnut,TMV-2
Kundapur,Basrur,Rabi,Groundnut,TMV-2
Kundapur,Gangolli,Rabi,Groundnut,TMV-2
Kundapur,Gujjadi,Rabi,Groundnut,TMV-2
Kundapur,Gulvadi,Rabi,Groundnut,TMV-2
Kundapur,Hermadi,Rabi,Groundnut,TMV-2
Kundapur,Kodi,Rabi,Groundnut,TMV-2
Kundapur,Kumbashi,Rabi,Groundnut,TMV-2
Kundapur,Thekkatte,Rabi,Groundnut,TMV-2
Kundapur,Jadkal,Rabi,Groundnut,TMV-2
Kundapur,Yelith,Rabi,Groundnut,TMV-2
Kundapur,Golihole,Rabi,Groundnut,TMV-2
Kundapur,Kollur,Rabi,Groundnut,TMV-2
Kundapur,Keradi,Rabi,Groundnut,TMV-2
Kundapur,Vandaru,Rabi,Groundnut,TMV-2
Kundapur,Halady,Rabi,Groundnut,TMV-2
Kundapur,Ampar,Rabi,Groundnut,TMV-2
Kundapur,Shankaranarayana,Rabi,Groundnut,TMV-2
Kundapur,Ajri,Rabi,Groundnut,TMV-2
Kundapur,Hallihole,Rabi,Groundnut,TMV-2
Kundapur,Hosangadi,Rabi,Groundnut,TMV-2
Kundapur,Siddapur,Rabi,Groundnut,TMV-2
Kundapur,Amasbailu,Rabi,Groundnut,TMV-2
Kundapur,Thombattu,Rabi,Groundnut,TMV-2
Kundapur,Shiroor,Rabi,Groundnut,DH 3-30
Kundapur,Yedthare,Rabi,Groundnut,DH 3-30
Kundapur,Paduvari,Rabi,Groundnut,DH 3-30
Kundapur,Uppunda,Rabi,Groundnut,DH 3-30
Kundapur,Navunda,Rabi,Groundnut,DH 3-30
Kundapur,Maravanthe,Rabi,Groundnut,DH 3-30
Kundapur,Nada,Rabi,Groundnut,DH 3-30
Kundapur,Vandse,Rabi,Groundnut,DH 3-30
Kundapur,Bijoor,Rabi,Groundnut,DH 3-30
Kundapur,Beejadi,Rabi,Groundnut,DH 3-30
Kundapur,Koteshwar,Rabi,Groundnut,DH 3-30
Kundapur,Basrur,Rabi,Groundnut,DH 3-30
Kundapur,Gangolli,Rabi,Groundnut,DH 3-30
Kundapur,Gujjadi,Rabi,Groundnut,DH 3-30
Kundapur,Gulvadi,Rabi,Groundnut,DH 3-30
Kundapur,Hermadi,Rabi,Groundnut,DH 3-30
Kundapur,Kodi,Rabi,Groundnut,DH 3-30
Kundapur,Kumbashi,Rabi,Groundnut,DH 3-30
Kundapur,Thekkatte,Rabi,Groundnut,DH 3-30
Kundapur,Jadkal,Rabi,Groundnut,DH 3-30
Kundapur,Yelith,Rabi,Groundnut,DH 3-30
Kundapur,Golihole,Rabi,Groundnut,DH 3-30
Kundapur,Kollur,Rabi,Groundnut,DH 3-30
Kundapur,Keradi,Rabi,Groundnut,DH 3-30
Kundapur,Vandaru,Rabi,Groundnut,DH 3-30
Kundapur,Halady,Rabi,Groundnut,DH 3-30
Kundapur,Ampar,Rabi,Groundnut,DH 3-30
Kundapur,Shankaranarayana,Rabi,Groundnut,DH 3-30
Kundapur,Ajri,Rabi,Groundnut,DH 3-30
Kundapur,Hallihole,Rabi,Groundnut,DH 3-30
Kundapur,Hosangadi,Rabi,Groundnut,DH 3-30
Kundapur,Siddapur,Rabi,Groundnut,DH 3-30
Kundapur,Amasbailu,Rabi,Groundnut,DH 3-30
Kundapur,Thombattu,Rabi,Groundnut,DH 3-30
Kundapur,Shiroor,Rabi,Groundnut,DH-40
Kundapur,Yedthare,Rabi,Groundnut,DH-40
Kundapur,Paduvari,Rabi,Groundnut,DH-40
Kundapur,Uppunda,Rabi,Groundnut,DH-40
Kundapur,Navunda,Rabi,Groundnut,DH-40
Kundapur,Maravanthe,Rabi,Groundnut,DH-40
Kundapur,Nada,Rabi,Groundnut,DH-40
Kundapur,Vandse,Rabi,Groundnut,DH-40
Kundapur,Bijoor,Rabi,Groundnut,DH-40
Kundapur,Beejadi,Rabi,Groundnut,DH-40
Kundapur,Koteshwar,Rabi,Groundnut,DH-40
Kundapur,Basrur,Rabi,Groundnut,DH-40
Kundapur,Gangolli,Rabi,Groundnut,DH-40
Kundapur,Gujjadi,Rabi,Groundnut,DH-40
Kundapur,Gulvadi,Rabi,Groundnut,DH-40
Kundapur,Hermadi,Rabi,Groundnut,DH-40
Kundapur,Kodi,Rabi,Groundnut,DH-40
Kundapur,Kumbashi,Rabi,Groundnut,DH-40
Kundapur,Thekkatte,Rabi,Groundnut,DH-40
Kundapur,Jadkal,Rabi,Groundnut,DH-40
Kundapur,Yelith,Rabi,Groundnut,DH-40
Kundapur,Golihole,Rabi,Groundnut,DH-40
Kundapur,Kollur,Rabi,Groundnut,DH-40
Kundapur,Keradi,Rabi,Groundnut,DH-40
Kundapur,Vandaru,Rabi,Groundnut,DH-40
Kundapur,Halady,Rabi,Groundnut,DH-40
Kundapur,Ampar,Rabi,Groundnut,DH-40
Kundapur,Shankaranarayana,Rabi,Groundnut,DH-40
Kundapur,Ajri,Rabi,Groundnut,DH-40
Kundapur,Hallihole,Rabi,Groundnut,DH-40
Kundapur,Hosangadi,Rabi,Groundnut,DH-40
Kundapur,Siddapur,Rabi,Groundnut,DH-40
Kundapur,Amasbailu,Rabi,Groundnut,DH-40
Kundapur,Thombattu,Rabi,Groundnut,DH-40
Kundapur,Shiroor,Rabi,Black gram,LBG-17
Kundapur,Yedthare,Rabi,Black gram,LBG-17
Kundapur,Paduvari,Rabi,Black gram,LBG-17
Kundapur,Uppunda,Rabi,Black gram,LBG-17
Kundapur,Navunda,Rabi,Black gram,LBG-17
Kundapur,Maravanthe,Rabi,Black gram,LBG-17
Kundapur,Nada,Rabi,Black gram,LBG-17
Kundapur,Vandse,Rabi,Black gram,LBG-17
Kundapur,Bijoor,Rabi,Black gram,LBG-17
Kundapur,Beejadi,Rabi,Black gram,LBG-17
Kundapur,Koteshwar,Rabi,Black gram,LBG-17
Kundapur,Basrur,Rabi,Black gram,LBG-17
Kundapur,Gangolli,Rabi,Black gram,LBG-17
Kundapur,Gujjadi,Rabi,Black gram,LBG-17
Kundapur,Gulvadi,Rabi,Black gram,LBG-17
Kundapur,Hermadi,Rabi,Black gram,LBG-17
Kundapur,Kodi,Rabi,Black gram,LBG-17
Kundapur,Kumbashi,Rabi,Black gram,LBG-17
Kundapur,Thekkatte,Rabi,Black gram,LBG-17
Kundapur,Jadkal,Rabi,Black gram,LBG-17
Kundapur,Yelith,Rabi,Black gram,LBG-17
Kundapur,Golihole,Rabi,Black gram,LBG-17
Kundapur,Kollur,Rabi,Black gram,LBG-17
Kundapur,Keradi,Rabi,Black gram,LBG-17
Kundapur,Vandaru,Rabi,Black gram,LBG-17
Kundapur,Halady,Rabi,Black gram,LBG-17
Kundapur,Ampar,Rabi,Black gram,LBG-17
Kundapur,Shankaranarayana,Rabi,Black gram,LBG-17
Kundapur,Ajri,Rabi,Black gram,LBG-17
Kundapur,Hallihole,Rabi,Black gram,LBG-17
Kundapur,Hosangadi,Rabi,Black gram,LBG-17
Kundapur,Siddapur,Rabi,Black gram,LBG-17
Kundapur,Amasbailu,Rabi,Black gram,LBG-17
Kundapur,Thombattu,Rabi,Black gram,LBG-17
Kundapur,Shiroor,Rabi,Green gram,Pusa Vishal
Kundapur,Yedthare,Rabi,Green gram,Pusa Vishal
Kundapur,Paduvari,Rabi,Green gram,Pusa Vishal
Kundapur,Uppunda,Rabi,Green gram,Pusa Vishal
Kundapur,Navunda,Rabi,Green gram,Pusa Vishal
Kundapur,Maravanthe,Rabi,Green gram,Pusa Vishal
Kundapur,Nada,Rabi,Green gram,Pusa Vishal
Kundapur,Vandse,Rabi,Green gram,Pusa Vishal
Kundapur,Bijoor,Rabi,Green gram,Pusa Vishal
Kundapur,Beejadi,Rabi,Green gram,Pusa Vishal
Kundapur,Koteshwar,Rabi,Green gram,Pusa Vishal
Kundapur,Basrur,Rabi,Green gram,Pusa Vishal
Kundapur,Gangolli,Rabi,Green gram,Pusa Vishal
Kundapur,Gujjadi,Rabi,Green gram,Pusa Vishal
Kundapur,Gulvadi,Rabi,Green gram,Pusa Vishal
Kundapur,Hermadi,Rabi,Green gram,Pusa Vishal
Kundapur,Kodi,Rabi,Green gram,Pusa Vishal
Kundapur,Kumbashi,Rabi,Green gram,Pusa Vishal
Kundapur,Thekkatte,Rabi,Green gram,Pusa Vishal
Kundapur,Jadkal,Rabi,Green gram,Pusa Vishal
Kundapur,Yelith,Rabi,Green gram,Pusa Vishal
Kundapur,Golihole,Rabi,Green gram,Pusa Vishal
Kundapur,Kollur,Rabi,Green gram,Pusa Vishal
Kundapur,Keradi,Rabi,Green gram,Pusa Vishal
Kundapur,Vandaru,Rabi,Green gram,Pusa Vishal
Kundapur,Halady,Rabi,Green gram,Pusa Vishal
Kundapur,Ampar,Rabi,Green gram,Pusa Vishal
Kundapur,Shankaranarayana,Rabi,Green gram,Pusa Vishal
Kundapur,Ajri,Rabi,Green gram,Pusa Vishal
Kundapur,Hallihole,Rabi,Green gram,Pusa Vishal
Kundapur,Hosangadi,Rabi,Green gram,Pusa Vishal
Kundapur,Siddapur,Rabi,Green gram,Pusa Vishal
Kundapur,Amasbailu,Rabi,Green gram,Pusa Vishal
Kundapur,Thombattu,Rabi,Green gram,Pusa Vishal
Kundapur,Shiroor,Rabi,Cowpea,DC-15
Kundapur,Yedthare,Rabi,Cowpea,DC-15
Kundapur,Paduvari,Rabi,Cowpea,DC-15
Kundapur,Uppunda,Rabi,Cowpea,DC-15
Kundapur,Navunda,Rabi,Cowpea,DC-15
Kundapur,Maravanthe,Rabi,Cowpea,DC-15
Kundapur,Nada,Rabi,Cowpea,DC-15
Kundapur,Vandse,Rabi,Cowpea,DC-15
Kundapur,Bijoor,Rabi,Cowpea,DC-15
Kundapur,Beejadi,Rabi,Cowpea,DC-15
Kundapur,Koteshwar,Rabi,Cowpea,DC-15
Kundapur,Basrur,Rabi,Cowpea,DC-15
Kundapur,Gangolli,Rabi,Cowpea,DC-15
Kundapur,Gujjadi,Rabi,Cowpea,DC-15
Kundapur,Gulvadi,Rabi,Cowpea,DC-15
Kundapur,Hermadi,Rabi,Cowpea,DC-15
Kundapur,Kodi,Rabi,Cowpea,DC-15
Kundapur,Kumbashi,Rabi,Cowpea,DC-15
Kundapur,Thekkatte,Rabi,Cowpea,DC-15
Kundapur,Jadkal,Rabi,Cowpea,DC-15
Kundapur,Yelith,Rabi,Cowpea,DC-15
Kundapur,Golihole,Rabi,Cowpea,DC-15
Kundapur,Kollur,Rabi,Cowpea,DC-15
Kundapur,Keradi,Rabi,Cowpea,DC-15
Kundapur,Vandaru,Rabi,Cowpea,DC-15
Kundapur,Halady,Rabi,Cowpea,DC-15
Kundapur,Ampar,Rabi,Cowpea,DC-15
Kundapur,Shankaranarayana,Rabi,Cowpea,DC-15
Kundapur,Ajri,Rabi,Cowpea,DC-15
Kundapur,Hallihole,Rabi,Cowpea,DC-15
Kundapur,Hosangadi,Rabi,Cowpea,DC-15
Kundapur,Siddapur,Rabi,Cowpea,DC-15
Kundapur,Amasbailu,Rabi,Cowpea,DC-15
Kundapur,Thombattu,Rabi,Cowpea,DC-15
Kundapur,Shiroor,Rabi,Sesame,DS-1
Kundapur,Yedthare,Rabi,Sesame,DS-1
Kundapur,Paduvari,Rabi,Sesame,DS-1
Kundapur,Uppunda,Rabi,Sesame,DS-1
Kundapur,Navunda,Rabi,Sesame,DS-1
Kundapur,Maravanthe,Rabi,Sesame,DS-1
Kundapur,Nada,Rabi,Sesame,DS-1
Kundapur,Vandse,Rabi,Sesame,DS-1
Kundapur,Bijoor,Rabi,Sesame,DS-1
Kundapur,Beejadi,Rabi,Sesame,DS-1
Kundapur,Koteshwar,Rabi,Sesame,DS-1
Kundapur,Basrur,Rabi,Sesame,DS-1
Kundapur,Gangolli,Rabi,Sesame,DS-1
Kundapur,Gujjadi,Rabi,Sesame,DS-1
Kundapur,Gulvadi,Rabi,Sesame,DS-1
Kundapur,Hermadi,Rabi,Sesame,DS-1
Kundapur,Kodi,Rabi,Sesame,DS-1
Kundapur,Kumbashi,Rabi,Sesame,DS-1
Kundapur,Thekkatte,Rabi,Sesame,DS-1
Kundapur,Jadkal,Rabi,Sesame,DS-1
Kundapur,Yelith,Rabi,Sesame,DS-1
Kundapur,Golihole,Rabi,Sesame,DS-1
Kundapur,Kollur,Rabi,Sesame,DS-1
Kundapur,Keradi,Rabi,Sesame,DS-1
Kundapur,Vandaru,Rabi,Sesame,DS-1
Kundapur,Halady,Rabi,Sesame,DS-1
Kundapur,Ampar,Rabi,Sesame,DS-1
Kundapur,Shankaranarayana,Rabi,Sesame,DS-1
Kundapur,Ajri,Rabi,Sesame,DS-1
Kundapur,Hallihole,Rabi,Sesame,DS-1
Kundapur,Hosangadi,Rabi,Sesame,DS-1
Kundapur,Siddapur,Rabi,Sesame,DS-1
Kundapur,Amasbailu,Rabi,Sesame,DS-1
Kundapur,Thombattu,Rabi,Sesame,DS-1
Kundapur,Shiroor,Summer,Paddy,Early-summer
Kundapur,Yedthare,Summer,Paddy,Early-summer
Kundapur,Paduvari,Summer,Paddy,Early-summer
Kundapur,Uppunda,Summer,Paddy,Early-summer
Kundapur,Navunda,Summer,Paddy,Early-summer
Kundapur,Maravanthe,Summer,Paddy,Early-summer
Kundapur,Nada,Summer,Paddy,Early-summer
Kundapur,Vandse,Summer,Paddy,Early-summer
Kundapur,Bijoor,Summer,Paddy,Early-summer
Kundapur,Beejadi,Summer,Paddy,Early-summer
Kundapur,Koteshwar,Summer,Paddy,Early-summer
Kundapur,Basrur,Summer,Paddy,Early-summer
Kundapur,Gangolli,Summer,Paddy,Early-summer
Kundapur,Gujjadi,Summer,Paddy,Early-summer
Kundapur,Gulvadi,Summer,Paddy,Early-summer
Kundapur,Hermadi,Summer,Paddy,Early-summer
Kundapur,Kodi,Summer,Paddy,Early-summer
Kundapur,Kumbashi,Summer,Paddy,Early-summer
Kundapur,Thekkatte,Summer,Paddy,Early-summer
Kundapur,Jadkal,Summer,Paddy,Early-summer
Kundapur,Yelith,Summer,Paddy,Early-summer
Kundapur,Golihole,Summer,Paddy,Early-summer
Kundapur,Kollur,Summer,Paddy,Early-summer
Kundapur,Keradi,Summer,Paddy,Early-summer
Kundapur,Vandaru,Summer,Paddy,Early-summer
Kundapur,Halady,Summer,Paddy,Early-summer
Kundapur,Ampar,Summer,Paddy,Early-summer
Kundapur,Shankaranarayana,Summer,Paddy,Early-summer
Kundapur,Ajri,Summer,Paddy,Early-summer
Kundapur,Hallihole,Summer,Paddy,Early-summer
Kundapur,Hosangadi,Summer,Paddy,Early-summer
Kundapur,Siddapur,Summer,Paddy,Early-summer
Kundapur,Amasbailu,Summer,Paddy,Early-summer
Kundapur,Thombattu,Summer,Paddy,Early-summer
Kundapur,Shiroor,Summer,Paddy,Late-summer
Kundapur,Yedthare,Summer,Paddy,Late-summer
Kundapur,Paduvari,Summer,Paddy,Late-summer
Kundapur,Uppunda,Summer,Paddy,Late-summer
Kundapur,Navunda,Summer,Paddy,Late-summer
Kundapur,Maravanthe,Summer,Paddy,Late-summer
Kundapur,Nada,Summer,Paddy,Late-summer
Kundapur,Vandse,Summer,Paddy,Late-summer
Kundapur,Bijoor,Summer,Paddy,Late-summer
Kundapur,Beejadi,Summer,Paddy,Late-summer
Kundapur,Koteshwar,Summer,Paddy,Late-summer
Kundapur,Basrur,Summer,Paddy,Late-summer
Kundapur,Gangolli,Summer,Paddy,Late-summer
Kundapur,Gujjadi,Summer,Paddy,Late-summer
Kundapur,Gulvadi,Summer,Paddy,Late-summer
Kundapur,Hermadi,Summer,Paddy,Late-summer
Kundapur,Kodi,Summer,Paddy,Late-summer
Kundapur,Kumbashi,Summer,Paddy,Late-summer
Kundapur,Thekkatte,Summer,Paddy,Late-summer
Kundapur,Jadkal,Summer,Paddy,Late-summer
Kundapur,Yelith,Summer,Paddy,Late-summer
Kundapur,Golihole,Summer,Paddy,Late-summer
Kundapur,Kollur,Summer,Paddy,Late-summer
Kundapur,Keradi,Summer,Paddy,Late-summer
Kundapur,Vandaru,Summer,Paddy,Late-summer
Kundapur,Halady,Summer,Paddy,Late-summer
Kundapur,Ampar,Summer,Paddy,Late-summer
Kundapur,Shankaranarayana,Summer,Paddy,Late-summer
Kundapur,Ajri,Summer,Paddy,Late-summer
Kundapur,Hallihole,Summer,Paddy,Late-summer
Kundapur,Hosangadi,Summer,Paddy,Late-summer
Kundapur,Siddapur,Summer,Paddy,Late-summer
Kundapur,Amasbailu,Summer,Paddy,Late-summer
Kundapur,Thombattu,Summer,Paddy,Late-summer
Kundapur,Shiroor,Summer,Paddy,Shakti
Kundapur,Yedthare,Summer,Paddy,Shakti
Kundapur,Paduvari,Summer,Paddy,Shakti
Kundapur,Uppunda,Summer,Paddy,Shakti
Kundapur,Navunda,Summer,Paddy,Shakti
Kundapur,Maravanthe,Summer,Paddy,Shakti
Kundapur,Nada,Summer,Paddy,Shakti
Kundapur,Vandse,Summer,Paddy,Shakti
Kundapur,Bijoor,Summer,Paddy,Shakti
Kundapur,Beejadi,Summer,Paddy,Shakti
Kundapur,Koteshwar,Summer,Paddy,Shakti
Kundapur,Basrur,Summer,Paddy,Shakti
Kundapur,Gangolli,Summer,Paddy,Shakti
Kundapur,Gujjadi,Summer,Paddy,Shakti
Kundapur,Gulvadi,Summer,Paddy,Shakti
Kundapur,Hermadi,Summer,Paddy,Shakti
Kundapur,Kodi,Summer,Paddy,Shakti
Kundapur,Kumbashi,Summer,Paddy,Shakti
Kundapur,Thekkatte,Summer,Paddy,Shakti
Kundapur,Jadkal,Summer,Paddy,Shakti
Kundapur,Yelith,Summer,Paddy,Shakti
Kundapur,Golihole,Summer,Paddy,Shakti
Kundapur,Kollur,Summer,Paddy,Shakti
Kundapur,Keradi,Summer,Paddy,Shakti
Kundapur,Vandaru,Summer,Paddy,Shakti
Kundapur,Halady,Summer,Paddy,Shakti
Kundapur,Ampar,Summer,Paddy,Shakti
Kundapur,Shankaranarayana,Summer,Paddy,Shakti
Kundapur,Ajri,Summer,Paddy,Shakti
Kundapur,Hallihole,Summer,Paddy,Shakti
Kundapur,Hosangadi,Summer,Paddy,Shakti
Kundapur,Siddapur,Summer,Paddy,Shakti
Kundapur,Amasbailu,Summer,Paddy,Shakti
Kundapur,Thombattu,Summer,Paddy,Shakti
Kundapur,Shiroor,Summer,Paddy,CTH-1 (Mukti)
Kundapur,Yedthare,Summer,Paddy,CTH-1 (Mukti)
Kundapur,Paduvari,Summer,Paddy,CTH-1 (Mukti)
Kundapur,Uppunda,Summer,Paddy,CTH-1 (Mukti)
Kundapur,Navunda,Summer,Paddy,CTH-1 (Mukti)
Kundapur,Maravanthe,Summer,Paddy,CTH-1 (Mukti)
Kundapur,Nada,Summer,Paddy,CTH-1 (Mukti)
Kundapur,Vandse,Summer,Paddy,CTH-1 (Mukti)
Kundapur,Bijoor,Summer,Paddy,CTH-1 (Mukti)
Kundapur,Beejadi,Summer,Paddy,CTH-1 (Mukti)
Kundapur,Koteshwar,Summer,Paddy,CTH-1 (Mukti)
Kundapur,Basrur,Summer,Paddy,CTH-1 (Mukti)
Kundapur,Gangolli,Summer,Paddy,CTH-1 (Mukti)
Kundapur,Gujjadi,Summer,Paddy,CTH-1 (Mukti)
Kundapur,Gulvadi,Summer,Paddy,CTH-1 (Mukti)
Kundapur,Hermadi,Summer,Paddy,CTH-1 (Mukti)
Kundapur,Kodi,Summer,Paddy,CTH-1 (Mukti)
Kundapur,Kumbashi,Summer,Paddy,CTH-1 (Mukti)
Kundapur,Thekkatte,Summer,Paddy,CTH-1 (Mukti)
Kundapur,Jadkal,Summer,Paddy,CTH-1 (Mukti)
Kundapur,Yelith,Summer,Paddy,CTH-1 (Mukti)
Kundapur,Golihole,Summer,Paddy,CTH-1 (Mukti)
Kundapur,Kollur,Summer,Paddy,CTH-1 (Mukti)
Kundapur,Keradi,Summer,Paddy,CTH-1 (Mukti)
Kundapur,Vandaru,Summer,Paddy,CTH-1 (Mukti)
Kundapur,Halady,Summer,Paddy,CTH-1 (Mukti)
Kundapur,Ampar,Summer,Paddy,CTH-1 (Mukti)
Kundapur,Shankaranarayana,Summer,Paddy,CTH-1 (Mukti)
Kundapur,Ajri,Summer,Paddy,CTH-1 (Mukti)
Kundapur,Hallihole,Summer,Paddy,CTH-1 (Mukti)
Kundapur,Hosangadi,Summer,Paddy,CTH-1 (Mukti)
Kundapur,Siddapur,Summer,Paddy,CTH-1 (Mukti)
Kundapur,Amasbailu,Summer,Paddy,CTH-1 (Mukti)
Kundapur,Thombattu,Summer,Paddy,CTH-1 (Mukti)
Kundapur,Shiroor,Summer,Groundnut,TMV-2
Kundapur,Yedthare,Summer,Groundnut,TMV-2
Kundapur,Paduvari,Summer,Groundnut,TMV-2
Kundapur,Uppunda,Summer,Groundnut,TMV-2
Kundapur,Navunda,Summer,Groundnut,TMV-2
Kundapur,Maravanthe,Summer,Groundnut,TMV-2
Kundapur,Nada,Summer,Groundnut,TMV-2
Kundapur,Vandse,Summer,Groundnut,TMV-2
Kundapur,Bijoor,Summer,Groundnut,TMV-2
Kundapur,Beejadi,Summer,Groundnut,TMV-2
Kundapur,Koteshwar,Summer,Groundnut,TMV-2
Kundapur,Basrur,Summer,Groundnut,TMV-2
Kundapur,Gangolli,Summer,Groundnut,TMV-2
Kundapur,Gujjadi,Summer,Groundnut,TMV-2
Kundapur,Gulvadi,Summer,Groundnut,TMV-2
Kundapur,Hermadi,Summer,Groundnut,TMV-2
Kundapur,Kodi,Summer,Groundnut,TMV-2
Kundapur,Kumbashi,Summer,Groundnut,TMV-2
Kundapur,Thekkatte,Summer,Groundnut,TMV-2
Kundapur,Jadkal,Summer,Groundnut,TMV-2
Kundapur,Yelith,Summer,Groundnut,TMV-2
Kundapur,Golihole,Summer,Groundnut,TMV-2
Kundapur,Kollur,Summer,Groundnut,TMV-2
Kundapur,Keradi,Summer,Groundnut,TMV-2
Kundapur,Vandaru,Summer,Groundnut,TMV-2
Kundapur,Halady,Summer,Groundnut,TMV-2
Kundapur,Ampar,Summer,Groundnut,TMV-2
Kundapur,Shankaranarayana,Summer,Groundnut,TMV-2
Kundapur,Ajri,Summer,Groundnut,TMV-2
Kundapur,Hallihole,Summer,Groundnut,TMV-2
Kundapur,Hosangadi,Summer,Groundnut,TMV-2
Kundapur,Siddapur,Summer,Groundnut,TMV-2
Kundapur,Amasbailu,Summer,Groundnut,TMV-2
Kundapur,Thombattu,Summer,Groundnut,TMV-2
Kundapur,Shiroor,Summer,Groundnut,DH 3-30
Kundapur,Yedthare,Summer,Groundnut,DH 3-30
Kundapur,Paduvari,Summer,Groundnut,DH 3-30
Kundapur,Uppunda,Summer,Groundnut,DH 3-30
Kundapur,Navunda,Summer,Groundnut,DH 3-30
Kundapur,Maravanthe,Summer,Groundnut,DH 3-30
Kundapur,Nada,Summer,Groundnut,DH 3-30
Kundapur,Vandse,Summer,Groundnut,DH 3-30
Kundapur,Bijoor,Summer,Groundnut,DH 3-30
Kundapur,Beejadi,Summer,Groundnut,DH 3-30
Kundapur,Koteshwar,Summer,Groundnut,DH 3-30
Kundapur,Basrur,Summer,Groundnut,DH 3-30
Kundapur,Gangolli,Summer,Groundnut,DH 3-30
Kundapur,Gujjadi,Summer,Groundnut,DH 3-30
Kundapur,Gulvadi,Summer,Groundnut,DH 3-30
Kundapur,Hermadi,Summer,Groundnut,DH 3-30
Kundapur,Kodi,Summer,Groundnut,DH 3-30
Kundapur,Kumbashi,Summer,Groundnut,DH 3-30
Kundapur,Thekkatte,Summer,Groundnut,DH 3-30
Kundapur,Jadkal,Summer,Groundnut,DH 3-30
Kundapur,Yelith,Summer,Groundnut,DH 3-30
Kundapur,Golihole,Summer,Groundnut,DH 3-30
Kundapur,Kollur,Summer,Groundnut,DH 3-30
Kundapur,Keradi,Summer,Groundnut,DH 3-30
Kundapur,Vandaru,Summer,Groundnut,DH 3-30
Kundapur,Halady,Summer,Groundnut,DH 3-30
Kundapur,Ampar,Summer,Groundnut,DH 3-30
Kundapur,Shankaranarayana,Summer,Groundnut,DH 3-30
Kundapur,Ajri,Summer,Groundnut,DH 3-30
Kundapur,Hallihole,Summer,Groundnut,DH 3-30
Kundapur,Hosangadi,Summer,Groundnut,DH 3-30
Kundapur,Siddapur,Summer,Groundnut,DH 3-30
Kundapur,Amasbailu,Summer,Groundnut,DH 3-30
Kundapur,Thombattu,Summer,Groundnut,DH 3-30
Kundapur,Shiroor,Summer,Vegetables,Brinjal
Kundapur,Yedthare,Summer,Vegetables,Brinjal
Kundapur,Paduvari,Summer,Vegetables,Brinjal
Kundapur,Uppunda,Summer,Vegetables,Brinjal
Kundapur,Navunda,Summer,Vegetables,Brinjal
Kundapur,Maravanthe,Summer,Vegetables,Brinjal
Kundapur,Nada,Summer,Vegetables,Brinjal
Kundapur,Vandse,Summer,Vegetables,Brinjal
Kundapur,Bijoor,Summer,Vegetables,Brinjal
Kundapur,Beejadi,Summer,Vegetables,Brinjal
Kundapur,Koteshwar,Summer,Vegetables,Brinjal
Kundapur,Basrur,Summer,Vegetables,Brinjal
Kundapur,Gangolli,Summer,Vegetables,Brinjal
Kundapur,Gujjadi,Summer,Vegetables,Brinjal
Kundapur,Gulvadi,Summer,Vegetables,Brinjal
Kundapur,Hermadi,Summer,Vegetables,Brinjal
Kundapur,Kodi,Summer,Vegetables,Brinjal
Kundapur,Kumbashi,Summer,Vegetables,Brinjal
Kundapur,Thekkatte,Summer,Vegetables,Brinjal
Kundapur,Jadkal,Summer,Vegetables,Brinjal
Kundapur,Yelith,Summer,Vegetables,Brinjal
Kundapur,Golihole,Summer,Vegetables,Brinjal
Kundapur,Kollur,Summer,Vegetables,Brinjal
Kundapur,Keradi,Summer,Vegetables,Brinjal
Kundapur,Vandaru,Summer,Vegetables,Brinjal
Kundapur,Halady,Summer,Vegetables,Brinjal
Kundapur,Ampar,Summer,Vegetables,Brinjal
Kundapur,Shankaranarayana,Summer,Vegetables,Brinjal
Kundapur,Ajri,Summer,Vegetables,Brinjal
Kundapur,Hallihole,Summer,Vegetables,Brinjal
Kundapur,Hosangadi,Summer,Vegetables,Brinjal
Kundapur,Siddapur,Summer,Vegetables,Brinjal
Kundapur,Amasbailu,Summer,Vegetables,Brinjal
Kundapur,Thombattu,Summer,Vegetables,Brinjal
Kundapur,Shiroor,Summer,Vegetables,Chilli
Kundapur,Yedthare,Summer,Vegetables,Chilli
Kundapur,Paduvari,Summer,Vegetables,Chilli
Kundapur,Uppunda,Summer,Vegetables,Chilli
Kundapur,Navunda,Summer,Vegetables,Chilli
Kundapur,Maravanthe,Summer,Vegetables,Chilli
Kundapur,Nada,Summer,Vegetables,Chilli
Kundapur,Vandse,Summer,Vegetables,Chilli
Kundapur,Bijoor,Summer,Vegetables,Chilli
Kundapur,Beejadi,Summer,Vegetables,Chilli
Kundapur,Koteshwar,Summer,Vegetables,Chilli
Kundapur,Basrur,Summer,Vegetables,Chilli
Kundapur,Gangolli,Summer,Vegetables,Chilli
Kundapur,Gujjadi,Summer,Vegetables,Chilli
Kundapur,Gulvadi,Summer,Vegetables,Chilli
Kundapur,Hermadi,Summer,Vegetables,Chilli
Kundapur,Kodi,Summer,Vegetables,Chilli
Kundapur,Kumbashi,Summer,Vegetables,Chilli
Kundapur,Thekkatte,Summer,Vegetables,Chilli
Kundapur,Jadkal,Summer,Vegetables,Chilli
Kundapur,Yelith,Summer,Vegetables,Chilli
Kundapur,Golihole,Summer,Vegetables,Chilli
Kundapur,Kollur,Summer,Vegetables,Chilli
Kundapur,Keradi,Summer,Vegetables,Chilli
Kundapur,Vandaru,Summer,Vegetables,Chilli
Kundapur,Halady,Summer,Vegetables,Chilli
Kundapur,Ampar,Summer,Vegetables,Chilli
Kundapur,Shankaranarayana,Summer,Vegetables,Chilli
Kundapur,Ajri,Summer,Vegetables,Chilli
Kundapur,Hallihole,Summer,Vegetables,Chilli
Kundapur,Hosangadi,Summer,Vegetables,Chilli
Kundapur,Siddapur,Summer,Vegetables,Chilli
Kundapur,Amasbailu,Summer,Vegetables,Chilli
Kundapur,Thombattu,Summer,Vegetables,Chilli
Kundapur,Shiroor,Summer,Vegetables,Watermelon
Kundapur,Yedthare,Summer,Vegetables,Watermelon
Kundapur,Paduvari,Summer,Vegetables,Watermelon
Kundapur,Uppunda,Summer,Vegetables,Watermelon
Kundapur,Navunda,Summer,Vegetables,Watermelon
Kundapur,Maravanthe,Summer,Vegetables,Watermelon
Kundapur,Nada,Summer,Vegetables,Watermelon
Kundapur,Vandse,Summer,Vegetables,Watermelon
Kundapur,Bijoor,Summer,Vegetables,Watermelon
Kundapur,Beejadi,Summer,Vegetables,Watermelon
Kundapur,Koteshwar,Summer,Vegetables,Watermelon
Kundapur,Basrur,Summer,Vegetables,Watermelon
Kundapur,Gangolli,Summer,Vegetables,Watermelon
Kundapur,Gujjadi,Summer,Vegetables,Watermelon
Kundapur,Gulvadi,Summer,Vegetables,Watermelon
Kundapur,Hermadi,Summer,Vegetables,Watermelon
Kundapur,Kodi,Summer,Vegetables,Watermelon
Kundapur,Kumbashi,Summer,Vegetables,Watermelon
Kundapur,Thekkatte,Summer,Vegetables,Watermelon
Kundapur,Jadkal,Summer,Vegetables,Watermelon
Kundapur,Yelith,Summer,Vegetables,Watermelon
Kundapur,Golihole,Summer,Vegetables,Watermelon
Kundapur,Kollur,Summer,Vegetables,Watermelon
Kundapur,Keradi,Summer,Vegetables,Watermelon
Kundapur,Vandaru,Summer,Vegetables,Watermelon
Kundapur,Halady,Summer,Vegetables,Watermelon
Kundapur,Ampar,Summer,Vegetables,Watermelon
Kundapur,Shankaranarayana,Summer,Vegetables,Watermelon
Kundapur,Ajri,Summer,Vegetables,Watermelon
Kundapur,Hallihole,Summer,Vegetables,Watermelon
Kundapur,Hosangadi,Summer,Vegetables,Watermelon
Kundapur,Siddapur,Summer,Vegetables,Watermelon
Kundapur,Amasbailu,Summer,Vegetables,Watermelon
Kundapur,Thombattu,Summer,Vegetables,Watermelon
Kundapur,Shiroor,Summer,Vegetables,Cucumber
Kundapur,Yedthare,Summer,Vegetables,Cucumber
Kundapur,Paduvari,Summer,Vegetables,Cucumber
Kundapur,Uppunda,Summer,Vegetables,Cucumber
Kundapur,Navunda,Summer,Vegetables,Cucumber
Kundapur,Maravanthe,Summer,Vegetables,Cucumber
Kundapur,Nada,Summer,Vegetables,Cucumber
Kundapur,Vandse,Summer,Vegetables,Cucumber
Kundapur,Bijoor,Summer,Vegetables,Cucumber
Kundapur,Beejadi,Summer,Vegetables,Cucumber
Kundapur,Koteshwar,Summer,Vegetables,Cucumber
Kundapur,Basrur,Summer,Vegetables,Cucumber
Kundapur,Gangolli,Summer,Vegetables,Cucumber
Kundapur,Gujjadi,Summer,Vegetables,Cucumber
Kundapur,Gulvadi,Summer,Vegetables,Cucumber
Kundapur,Hermadi,Summer,Vegetables,Cucumber
Kundapur,Kodi,Summer,Vegetables,Cucumber
Kundapur,Kumbashi,Summer,Vegetables,Cucumber
Kundapur,Thekkatte,Summer,Vegetables,Cucumber
Kundapur,Jadkal,Summer,Vegetables,Cucumber
Kundapur,Yelith,Summer,Vegetables,Cucumber
Kundapur,Golihole,Summer,Vegetables,Cucumber
Kundapur,Kollur,Summer,Vegetables,Cucumber
Kundapur,Keradi,Summer,Vegetables,Cucumber
Kundapur,Vandaru,Summer,Vegetables,Cucumber
Kundapur,Halady,Summer,Vegetables,Cucumber
Kundapur,Ampar,Summer,Vegetables,Cucumber
Kundapur,Shankaranarayana,Summer,Vegetables,Cucumber
Kundapur,Ajri,Summer,Vegetables,Cucumber
Kundapur,Hallihole,Summer,Vegetables,Cucumber
Kundapur,Hosangadi,Summer,Vegetables,Cucumber
Kundapur,Siddapur,Summer,Vegetables,Cucumber
Kundapur,Amasbailu,Summer,Vegetables,Cucumber
Kundapur,Thombattu,Summer,Vegetables,Cucumber
Karkala,Karkala,Kharif,Paddy,MO-4 (Bhadra)
Karkala,Sanoor,Kharif,Paddy,MO-4 (Bhadra)
Karkala,Hebri,Kharif,Paddy,MO-4 (Bhadra)
Karkala,Nitte,Kharif,Paddy,MO-4 (Bhadra)
Karkala,Mudradi,Kharif,Paddy,MO-4 (Bhadra)
Karkala,Belman,Kharif,Paddy,MO-4 (Bhadra)
Karkala,Varanga,Kharif,Paddy,MO-4 (Bhadra)
Karkala,Inna,Kharif,Paddy,MO-4 (Bhadra)
Karkala,Kabbinale,Kharif,Paddy,MO-4 (Bhadra)
Karkala,Andaru,Kharif,Paddy,MO-4 (Bhadra)
Karkala,Hirgana,Kharif,Paddy,MO-4 (Bhadra)
Karkala,Miyar,Kharif,Paddy,MO-4 (Bhadra)
Karkala,Mundkuru,Kharif,Paddy,MO-4 (Bhadra)
Karkala,Kukkundoor,Kharif,Paddy,MO-4 (Bhadra)
Karkala,Kervashe,Kharif,Paddy,MO-4 (Bhadra)
Karkala,Mudaru,Kharif,Paddy,MO-4 (Bhadra)
Karkala,Kanyana,Kharif,Paddy,MO-4 (Bhadra)
Karkala,Someshwara,Kharif,Paddy,MO-4 (Bhadra)
Karkala,Nadpalu,Kharif,Paddy,MO-4 (Bhadra)
Karkala,Chara,Kharif,Paddy,MO-4 (Bhadra)
Karkala,Belve,Kharif,Paddy,MO-4 (Bhadra)
Karkala,Ardi,Kharif,Paddy,MO-4 (Bhadra)
Karkala,Shedimane,Kharif,Paddy,MO-4 (Bhadra)
Karkala,Golikatte,Kharif,Paddy,MO-4 (Bhadra)
Karkala,Shivapura,Kharif,Paddy,MO-4 (Bhadra)
Karkala,Kadthala,Kharif,Paddy,MO-4 (Bhadra)
Karkala,Palli,Kharif,Paddy,MO-4 (Bhadra)
Karkala,Karkala,Kharif,Paddy,MO-4 (Bhadra)
Karkala,Sanoor,Kharif,Paddy,MO-4 (Bhadra)
Karkala,Hebri,Kharif,Paddy,MO-4 (Bhadra)
Karkala,Nitte,Kharif,Paddy,MO-4 (Bhadra)
Karkala,Mudradi,Kharif,Paddy,MO-4 (Bhadra)
Karkala,Belman,Kharif,Paddy,MO-4 (Bhadra)
Karkala,Varanga,Kharif,Paddy,MO-4 (Bhadra)
Karkala,Inna,Kharif,Paddy,MO-4 (Bhadra)
Karkala,Kabbinale,Kharif,Paddy,MO-4 (Bhadra)
Karkala,Andaru,Kharif,Paddy,MO-4 (Bhadra)
Karkala,Hirgana,Kharif,Paddy,MO-4 (Bhadra)
Karkala,Miyar,Kharif,Paddy,MO-4 (Bhadra)
Karkala,Mundkuru,Kharif,Paddy,MO-4 (Bhadra)
Karkala,Kukkundoor,Kharif,Paddy,MO-4 (Bhadra)
Karkala,Kervashe,Kharif,Paddy,MO-4 (Bhadra)
Karkala,Mudaru,Kharif,Paddy,MO-4 (Bhadra)
Karkala,Kanyana,Kharif,Paddy,MO-4 (Bhadra)
Karkala,Someshwara,Kharif,Paddy,MO-4 (Bhadra)
Karkala,Nadpalu,Kharif,Paddy,MO-4 (Bhadra)
Karkala,Chara,Kharif,Paddy,MO-4 (Bhadra)
Karkala,Belve,Kharif,Paddy,MO-4 (Bhadra)
Karkala,Ardi,Kharif,Paddy,MO-4 (Bhadra)
Karkala,Shedimane,Kharif,Paddy,MO-4 (Bhadra)
Karkala,Golikatte,Kharif,Paddy,MO-4 (Bhadra)
Karkala,Shivapura,Kharif,Paddy,MO-4 (Bhadra)
Karkala,Kadthala,Kharif,Paddy,MO-4 (Bhadra)
Karkala,Palli,Kharif,Paddy,MO-4 (Bhadra)
Karkala,Karkala,Kharif,Paddy,Mahaveer
Karkala,Sanoor,Kharif,Paddy,Mahaveer
Karkala,Hebri,Kharif,Paddy,Mahaveer
Karkala,Nitte,Kharif,Paddy,Mahaveer
Karkala,Mudradi,Kharif,Paddy,Mahaveer
Karkala,Belman,Kharif,Paddy,Mahaveer
Karkala,Varanga,Kharif,Paddy,Mahaveer
Karkala,Inna,Kharif,Paddy,Mahaveer
Karkala,Kabbinale,Kharif,Paddy,Mahaveer
Karkala,Andaru,Kharif,Paddy,Mahaveer
Karkala,Hirgana,Kharif,Paddy,Mahaveer
Karkala,Miyar,Kharif,Paddy,Mahaveer
Karkala,Mundkuru,Kharif,Paddy,Mahaveer
Karkala,Kukkundoor,Kharif,Paddy,Mahaveer
Karkala,Kervashe,Kharif,Paddy,Mahaveer
Karkala,Mudaru,Kharif,Paddy,Mahaveer
Karkala,Kanyana,Kharif,Paddy,Mahaveer
Karkala,Someshwara,Kharif,Paddy,Mahaveer
Karkala,Nadpalu,Kharif,Paddy,Mahaveer
Karkala,Chara,Kharif,Paddy,Mahaveer
Karkala,Belve,Kharif,Paddy,Mahaveer
Karkala,Ardi,Kharif,Paddy,Mahaveer
Karkala,Shedimane,Kharif,Paddy,Mahaveer
Karkala,Golikatte,Kharif,Paddy,Mahaveer
Karkala,Shivapura,Kharif,Paddy,Mahaveer
Karkala,Kadthala,Kharif,Paddy,Mahaveer
Karkala,Palli,Kharif,Paddy,Mahaveer
Karkala,Karkala,Kharif,Paddy,Lata
Karkala,Sanoor,Kharif,Paddy,Lata
Karkala,Hebri,Kharif,Paddy,Lata
Karkala,Nitte,Kharif,Paddy,Lata
Karkala,Mudradi,Kharif,Paddy,Lata
Karkala,Belman,Kharif,Paddy,Lata
Karkala,Varanga,Kharif,Paddy,Lata
Karkala,Inna,Kharif,Paddy,Lata
Karkala,Kabbinale,Kharif,Paddy,Lata
Karkala,Andaru,Kharif,Paddy,Lata
Karkala,Hirgana,Kharif,Paddy,Lata
Karkala,Miyar,Kharif,Paddy,Lata
Karkala,Mundkuru,Kharif,Paddy,Lata
Karkala,Kukkundoor,Kharif,Paddy,Lata
Karkala,Kervashe,Kharif,Paddy,Lata
Karkala,Mudaru,Kharif,Paddy,Lata
Karkala,Kanyana,Kharif,Paddy,Lata
Karkala,Someshwara,Kharif,Paddy,Lata
Karkala,Nadpalu,Kharif,Paddy,Lata
Karkala,Chara,Kharif,Paddy,Lata
Karkala,Belve,Kharif,Paddy,Lata
Karkala,Ardi,Kharif,Paddy,Lata
Karkala,Shedimane,Kharif,Paddy,Lata
Karkala,Golikatte,Kharif,Paddy,Lata
Karkala,Shivapura,Kharif,Paddy,Lata
Karkala,Kadthala,Kharif,Paddy,Lata
Karkala,Palli,Kharif,Paddy,Lata
Karkala,Karkala,Rabi,Paddy,Edasuggi
Karkala,Sanoor,Rabi,Paddy,Edasuggi
Karkala,Hebri,Rabi,Paddy,Edasuggi
Karkala,Nitte,Rabi,Paddy,Edasuggi
Karkala,Mudradi,Rabi,Paddy,Edasuggi
Karkala,Belman,Rabi,Paddy,Edasuggi
Karkala,Varanga,Rabi,Paddy,Edasuggi
Karkala,Inna,Rabi,Paddy,Edasuggi
Karkala,Kabbinale,Rabi,Paddy,Edasuggi
Karkala,Andaru,Rabi,Paddy,Edasuggi
Karkala,Hirgana,Rabi,Paddy,Edasuggi
Karkala,Miyar,Rabi,Paddy,Edasuggi
Karkala,Mundkuru,Rabi,Paddy,Edasuggi
Karkala,Kukkundoor,Rabi,Paddy,Edasuggi
Karkala,Kervashe,Rabi,Paddy,Edasuggi
Karkala,Mudaru,Rabi,Paddy,Edasuggi
Karkala,Kanyana,Rabi,Paddy,Edasuggi
Karkala,Someshwara,Rabi,Paddy,Edasuggi
Karkala,Nadpalu,Rabi,Paddy,Edasuggi
Karkala,Chara,Rabi,Paddy,Edasuggi
Karkala,Belve,Rabi,Paddy,Edasuggi
Karkala,Ardi,Rabi,Paddy,Edasuggi
Karkala,Shedimane,Rabi,Paddy,Edasuggi
Karkala,Golikatte,Rabi,Paddy,Edasuggi
Karkala,Shivapura,Rabi,Paddy,Edasuggi
Karkala,Kadthala,Rabi,Paddy,Edasuggi
Karkala,Palli,Rabi,Paddy,Edasuggi
Karkala,Karkala,Rabi,Paddy,Suggi
Karkala,Sanoor,Rabi,Paddy,Suggi
Karkala,Hebri,Rabi,Paddy,Suggi
Karkala,Nitte,Rabi,Paddy,Suggi
Karkala,Mudradi,Rabi,Paddy,Suggi
Karkala,Belman,Rabi,Paddy,Suggi
Karkala,Varanga,Rabi,Paddy,Suggi
Karkala,Inna,Rabi,Paddy,Suggi
Karkala,Kabbinale,Rabi,Paddy,Suggi
Karkala,Andaru,Rabi,Paddy,Suggi
Karkala,Hirgana,Rabi,Paddy,Suggi
Karkala,Miyar,Rabi,Paddy,Suggi
Karkala,Mundkuru,Rabi,Paddy,Suggi
Karkala,Kukkundoor,Rabi,Paddy,Suggi
Karkala,Kervashe,Rabi,Paddy,Suggi
Karkala,Mudaru,Rabi,Paddy,Suggi
Karkala,Kanyana,Rabi,Paddy,Suggi
Karkala,Someshwara,Rabi,Paddy,Suggi
Karkala,Nadpalu,Rabi,Paddy,Suggi
Karkala,Chara,Rabi,Paddy,Suggi
Karkala,Belve,Rabi,Paddy,Suggi
Karkala,Ardi,Rabi,Paddy,Suggi
Karkala,Shedimane,Rabi,Paddy,Suggi
Karkala,Golikatte,Rabi,Paddy,Suggi
Karkala,Shivapura,Rabi,Paddy,Suggi
Karkala,Kadthala,Rabi,Paddy,Suggi
Karkala,Palli,Rabi,Paddy,Suggi
Karkala,Karkala,Rabi,Paddy,MO-4
Karkala,Sanoor,Rabi,Paddy,MO-4
Karkala,Hebri,Rabi,Paddy,MO-4
Karkala,Nitte,Rabi,Paddy,MO-4
Karkala,Mudradi,Rabi,Paddy,MO-4
Karkala,Belman,Rabi,Paddy,MO-4
Karkala,Varanga,Rabi,Paddy,MO-4
Karkala,Inna,Rabi,Paddy,MO-4
Karkala,Kabbinale,Rabi,Paddy,MO-4
Karkala,Andaru,Rabi,Paddy,MO-4
Karkala,Hirgana,Rabi,Paddy,MO-4
Karkala,Miyar,Rabi,Paddy,MO-4
Karkala,Mundkuru,Rabi,Paddy,MO-4
Karkala,Kukkundoor,Rabi,Paddy,MO-4
Karkala,Kervashe,Rabi,Paddy,MO-4
Karkala,Mudaru,Rabi,Paddy,MO-4
Karkala,Kanyana,Rabi,Paddy,MO-4
Karkala,Someshwara,Rabi,Paddy,MO-4
Karkala,Nadpalu,Rabi,Paddy,MO-4
Karkala,Chara,Rabi,Paddy,MO-4
Karkala,Belve,Rabi,Paddy,MO-4
Karkala,Ardi,Rabi,Paddy,MO-4
Karkala,Shedimane,Rabi,Paddy,MO-4
Karkala,Golikatte,Rabi,Paddy,MO-4
Karkala,Shivapura,Rabi,Paddy,MO-4
Karkala,Kadthala,Rabi,Paddy,MO-4
Karkala,Palli,Rabi,Paddy,MO-4
Karkala,Karkala,Rabi,Paddy,Shakti
Karkala,Sanoor,Rabi,Paddy,Shakti
Karkala,Hebri,Rabi,Paddy,Shakti
Karkala,Nitte,Rabi,Paddy,Shakti
Karkala,Mudradi,Rabi,Paddy,Shakti
Karkala,Belman,Rabi,Paddy,Shakti
Karkala,Varanga,Rabi,Paddy,Shakti
Karkala,Inna,Rabi,Paddy,Shakti
Karkala,Kabbinale,Rabi,Paddy,Shakti
Karkala,Andaru,Rabi,Paddy,Shakti
Karkala,Hirgana,Rabi,Paddy,Shakti
Karkala,Miyar,Rabi,Paddy,Shakti
Karkala,Mundkuru,Rabi,Paddy,Shakti
Karkala,Kukkundoor,Rabi,Paddy,Shakti
Karkala,Kervashe,Rabi,Paddy,Shakti
Karkala,Mudaru,Rabi,Paddy,Shakti
Karkala,Kanyana,Rabi,Paddy,Shakti
Karkala,Someshwara,Rabi,Paddy,Shakti
Karkala,Nadpalu,Rabi,Paddy,Shakti
Karkala,Chara,Rabi,Paddy,Shakti
Karkala,Belve,Rabi,Paddy,Shakti
Karkala,Ardi,Rabi,Paddy,Shakti
Karkala,Shedimane,Rabi,Paddy,Shakti
Karkala,Golikatte,Rabi,Paddy,Shakti
Karkala,Shivapura,Rabi,Paddy,Shakti
Karkala,Kadthala,Rabi,Paddy,Shakti
Karkala,Palli,Rabi,Paddy,Shakti
Karkala,Karkala,Rabi,Groundnut,TMV-2
Karkala,Sanoor,Rabi,Groundnut,TMV-2
Karkala,Hebri,Rabi,Groundnut,TMV-2
Karkala,Nitte,Rabi,Groundnut,TMV-2
Karkala,Mudradi,Rabi,Groundnut,TMV-2
Karkala,Belman,Rabi,Groundnut,TMV-2
Karkala,Varanga,Rabi,Groundnut,TMV-2
Karkala,Inna,Rabi,Groundnut,TMV-2
Karkala,Kabbinale,Rabi,Groundnut,TMV-2
Karkala,Andaru,Rabi,Groundnut,TMV-2
Karkala,Hirgana,Rabi,Groundnut,TMV-2
Karkala,Miyar,Rabi,Groundnut,TMV-2
Karkala,Mundkuru,Rabi,Groundnut,TMV-2
Karkala,Kukkundoor,Rabi,Groundnut,TMV-2
Karkala,Kervashe,Rabi,Groundnut,TMV-2
Karkala,Mudaru,Rabi,Groundnut,TMV-2
Karkala,Kanyana,Rabi,Groundnut,TMV-2
Karkala,Someshwara,Rabi,Groundnut,TMV-2
Karkala,Nadpalu,Rabi,Groundnut,TMV-2
Karkala,Chara,Rabi,Groundnut,TMV-2
Karkala,Belve,Rabi,Groundnut,TMV-2
Karkala,Ardi,Rabi,Groundnut,TMV-2
Karkala,Shedimane,Rabi,Groundnut,TMV-2
Karkala,Golikatte,Rabi,Groundnut,TMV-2
Karkala,Shivapura,Rabi,Groundnut,TMV-2
Karkala,Kadthala,Rabi,Groundnut,TMV-2
Karkala,Palli,Rabi,Groundnut,TMV-2
Karkala,Karkala,Rabi,Groundnut,DH 3-30
Karkala,Sanoor,Rabi,Groundnut,DH 3-30
Karkala,Hebri,Rabi,Groundnut,DH 3-30
Karkala,Nitte,Rabi,Groundnut,DH 3-30
Karkala,Mudradi,Rabi,Groundnut,DH 3-30
Karkala,Belman,Rabi,Groundnut,DH 3-30
Karkala,Varanga,Rabi,Groundnut,DH 3-30
Karkala,Inna,Rabi,Groundnut,DH 3-30
Karkala,Kabbinale,Rabi,Groundnut,DH 3-30
Karkala,Andaru,Rabi,Groundnut,DH 3-30
Karkala,Hirgana,Rabi,Groundnut,DH 3-30
Karkala,Miyar,Rabi,Groundnut,DH 3-30
Karkala,Mundkuru,Rabi,Groundnut,DH 3-30
Karkala,Kukkundoor,Rabi,Groundnut,DH 3-30
Karkala,Kervashe,Rabi,Groundnut,DH 3-30
Karkala,Mudaru,Rabi,Groundnut,DH 3-30
Karkala,Kanyana,Rabi,Groundnut,DH 3-30
Karkala,Someshwara,Rabi,Groundnut,DH 3-30
Karkala,Nadpalu,Rabi,Groundnut,DH 3-30
Karkala,Chara,Rabi,Groundnut,DH 3-30
Karkala,Belve,Rabi,Groundnut,DH 3-30
Karkala,Ardi,Rabi,Groundnut,DH 3-30
Karkala,Shedimane,Rabi,Groundnut,DH 3-30
Karkala,Golikatte,Rabi,Groundnut,DH 3-30
Karkala,Shivapura,Rabi,Groundnut,DH 3-30
Karkala,Kadthala,Rabi,Groundnut,DH 3-30
Karkala,Palli,Rabi,Groundnut,DH 3-30
Karkala,Karkala,Rabi,Groundnut,DH-40
Karkala,Sanoor,Rabi,Groundnut,DH-40
Karkala,Hebri,Rabi,Groundnut,DH-40
Karkala,Nitte,Rabi,Groundnut,DH-40
Karkala,Mudradi,Rabi,Groundnut,DH-40
Karkala,Belman,Rabi,Groundnut,DH-40
Karkala,Varanga,Rabi,Groundnut,DH-40
Karkala,Inna,Rabi,Groundnut,DH-40
Karkala,Kabbinale,Rabi,Groundnut,DH-40
Karkala,Andaru,Rabi,Groundnut,DH-40
Karkala,Hirgana,Rabi,Groundnut,DH-40
Karkala,Miyar,Rabi,Groundnut,DH-40
Karkala,Mundkuru,Rabi,Groundnut,DH-40
Karkala,Kukkundoor,Rabi,Groundnut,DH-40
Karkala,Kervashe,Rabi,Groundnut,DH-40
Karkala,Mudaru,Rabi,Groundnut,DH-40
Karkala,Kanyana,Rabi,Groundnut,DH-40
Karkala,Someshwara,Rabi,Groundnut,DH-40
Karkala,Nadpalu,Rabi,Groundnut,DH-40
Karkala,Chara,Rabi,Groundnut,DH-40
Karkala,Belve,Rabi,Groundnut,DH-40
Karkala,Ardi,Rabi,Groundnut,DH-40
Karkala,Shedimane,Rabi,Groundnut,DH-40
Karkala,Golikatte,Rabi,Groundnut,DH-40
Karkala,Shivapura,Rabi,Groundnut,DH-40
Karkala,Kadthala,Rabi,Groundnut,DH-40
Karkala,Palli,Rabi,Groundnut,DH-40
Karkala,Karkala,Rabi,Black gram,LBG-17
Karkala,Sanoor,Rabi,Black gram,LBG-17
Karkala,Hebri,Rabi,Black gram,LBG-17
Karkala,Nitte,Rabi,Black gram,LBG-17
Karkala,Mudradi,Rabi,Black gram,LBG-17
Karkala,Belman,Rabi,Black gram,LBG-17
Karkala,Varanga,Rabi,Black gram,LBG-17
Karkala,Inna,Rabi,Black gram,LBG-17
Karkala,Kabbinale,Rabi,Black gram,LBG-17
Karkala,Andaru,Rabi,Black gram,LBG-17
Karkala,Hirgana,Rabi,Black gram,LBG-17
Karkala,Miyar,Rabi,Black gram,LBG-17
Karkala,Mundkuru,Rabi,Black gram,LBG-17
Karkala,Kukkundoor,Rabi,Black gram,LBG-17
Karkala,Kervashe,Rabi,Black gram,LBG-17
Karkala,Mudaru,Rabi,Black gram,LBG-17
Karkala,Kanyana,Rabi,Black gram,LBG-17
Karkala,Someshwara,Rabi,Black gram,LBG-17
Karkala,Nadpalu,Rabi,Black gram,LBG-17
Karkala,Chara,Rabi,Black gram,LBG-17
Karkala,Belve,Rabi,Black gram,LBG-17
Karkala,Ardi,Rabi,Black gram,LBG-17
Karkala,Shedimane,Rabi,Black gram,LBG-17
Karkala,Golikatte,Rabi,Black gram,LBG-17
Karkala,Shivapura,Rabi,Black gram,LBG-17
Karkala,Kadthala,Rabi,Black gram,LBG-17
Karkala,Palli,Rabi,Black gram,LBG-17
Karkala,Karkala,Rabi,Green gram,Pusa Vishal
Karkala,Sanoor,Rabi,Green gram,Pusa Vishal
Karkala,Hebri,Rabi,Green gram,Pusa Vishal
Karkala,Nitte,Rabi,Green gram,Pusa Vishal
Karkala,Mudradi,Rabi,Green gram,Pusa Vishal
Karkala,Belman,Rabi,Green gram,Pusa Vishal
Karkala,Varanga,Rabi,Green gram,Pusa Vishal
Karkala,Inna,Rabi,Green gram,Pusa Vishal
Karkala,Kabbinale,Rabi,Green gram,Pusa Vishal
Karkala,Andaru,Rabi,Green gram,Pusa Vishal
Karkala,Hirgana,Rabi,Green gram,Pusa Vishal
Karkala,Miyar,Rabi,Green gram,Pusa Vishal
Karkala,Mundkuru,Rabi,Green gram,Pusa Vishal
Karkala,Kukkundoor,Rabi,Green gram,Pusa Vishal
Karkala,Kervashe,Rabi,Green gram,Pusa Vishal
Karkala,Mudaru,Rabi,Green gram,Pusa Vishal
Karkala,Kanyana,Rabi,Green gram,Pusa Vishal
Karkala,Someshwara,Rabi,Green gram,Pusa Vishal
Karkala,Nadpalu,Rabi,Green gram,Pusa Vishal
Karkala,Chara,Rabi,Green gram,Pusa Vishal
Karkala,Belve,Rabi,Green gram,Pusa Vishal
Karkala,Ardi,Rabi,Green gram,Pusa Vishal
Karkala,Shedimane,Rabi,Green gram,Pusa Vishal
Karkala,Golikatte,Rabi,Green gram,Pusa Vishal
Karkala,Shivapura,Rabi,Green gram,Pusa Vishal
Karkala,Kadthala,Rabi,Green gram,Pusa Vishal
Karkala,Palli,Rabi,Green gram,Pusa Vishal
Karkala,Karkala,Rabi,Cowpea,DC-15
Karkala,Sanoor,Rabi,Cowpea,DC-15
Karkala,Hebri,Rabi,Cowpea,DC-15
Karkala,Nitte,Rabi,Cowpea,DC-15
Karkala,Mudradi,Rabi,Cowpea,DC-15
Karkala,Belman,Rabi,Cowpea,DC-15
Karkala,Varanga,Rabi,Cowpea,DC-15
Karkala,Inna,Rabi,Cowpea,DC-15
Karkala,Kabbinale,Rabi,Cowpea,DC-15
Karkala,Andaru,Rabi,Cowpea,DC-15
Karkala,Hirgana,Rabi,Cowpea,DC-15
Karkala,Miyar,Rabi,Cowpea,DC-15
Karkala,Mundkuru,Rabi,Cowpea,DC-15
Karkala,Kukkundoor,Rabi,Cowpea,DC-15
Karkala,Kervashe,Rabi,Cowpea,DC-15
Karkala,Mudaru,Rabi,Cowpea,DC-15
Karkala,Kanyana,Rabi,Cowpea,DC-15
Karkala,Someshwara,Rabi,Cowpea,DC-15
Karkala,Nadpalu,Rabi,Cowpea,DC-15
Karkala,Chara,Rabi,Cowpea,DC-15
Karkala,Belve,Rabi,Cowpea,DC-15
Karkala,Ardi,Rabi,Cowpea,DC-15
Karkala,Shedimane,Rabi,Cowpea,DC-15
Karkala,Golikatte,Rabi,Cowpea,DC-15
Karkala,Shivapura,Rabi,Cowpea,DC-15
Karkala,Kadthala,Rabi,Cowpea,DC-15
Karkala,Palli,Rabi,Cowpea,DC-15
Karkala,Karkala,Rabi,Sesame,DS-1
Karkala,Sanoor,Rabi,Sesame,DS-1
Karkala,Hebri,Rabi,Sesame,DS-1
Karkala,Nitte,Rabi,Sesame,DS-1
Karkala,Mudradi,Rabi,Sesame,DS-1
Karkala,Belman,Rabi,Sesame,DS-1
Karkala,Varanga,Rabi,Sesame,DS-1
Karkala,Inna,Rabi,Sesame,DS-1
Karkala,Kabbinale,Rabi,Sesame,DS-1
Karkala,Andaru,Rabi,Sesame,DS-1
Karkala,Hirgana,Rabi,Sesame,DS-1
Karkala,Miyar,Rabi,Sesame,DS-1
Karkala,Mundkuru,Rabi,Sesame,DS-1
Karkala,Kukkundoor,Rabi,Sesame,DS-1
Karkala,Kervashe,Rabi,Sesame,DS-1
Karkala,Mudaru,Rabi,Sesame,DS-1
Karkala,Kanyana,Rabi,Sesame,DS-1
Karkala,Someshwara,Rabi,Sesame,DS-1
Karkala,Nadpalu,Rabi,Sesame,DS-1
Karkala,Chara,Rabi,Sesame,DS-1
Karkala,Belve,Rabi,Sesame,DS-1
Karkala,Ardi,Rabi,Sesame,DS-1
Karkala,Shedimane,Rabi,Sesame,DS-1
Karkala,Golikatte,Rabi,Sesame,DS-1
Karkala,Shivapura,Rabi,Sesame,DS-1
Karkala,Kadthala,Rabi,Sesame,DS-1
Karkala,Palli,Rabi,Sesame,DS-1
Karkala,Karkala,Summer,Paddy,Early-summer
Karkala,Sanoor,Summer,Paddy,Early-summer
Karkala,Hebri,Summer,Paddy,Early-summer
Karkala,Nitte,Summer,Paddy,Early-summer
Karkala,Mudradi,Summer,Paddy,Early-summer
Karkala,Belman,Summer,Paddy,Early-summer
Karkala,Varanga,Summer,Paddy,Early-summer
Karkala,Inna,Summer,Paddy,Early-summer
Karkala,Kabbinale,Summer,Paddy,Early-summer
Karkala,Andaru,Summer,Paddy,Early-summer
Karkala,Hirgana,Summer,Paddy,Early-summer
Karkala,Miyar,Summer,Paddy,Early-summer
Karkala,Mundkuru,Summer,Paddy,Early-summer
Karkala,Kukkundoor,Summer,Paddy,Early-summer
Karkala,Kervashe,Summer,Paddy,Early-summer
Karkala,Mudaru,Summer,Paddy,Early-summer
Karkala,Kanyana,Summer,Paddy,Early-summer
Karkala,Someshwara,Summer,Paddy,Early-summer
Karkala,Nadpalu,Summer,Paddy,Early-summer
Karkala,Chara,Summer,Paddy,Early-summer
Karkala,Belve,Summer,Paddy,Early-summer
Karkala,Ardi,Summer,Paddy,Early-summer
Karkala,Shedimane,Summer,Paddy,Early-summer
Karkala,Golikatte,Summer,Paddy,Early-summer
Karkala,Shivapura,Summer,Paddy,Early-summer
Karkala,Kadthala,Summer,Paddy,Early-summer
Karkala,Palli,Summer,Paddy,Early-summer
Karkala,Karkala,Summer,Paddy,Late-summer
Karkala,Sanoor,Summer,Paddy,Late-summer
Karkala,Hebri,Summer,Paddy,Late-summer
Karkala,Nitte,Summer,Paddy,Late-summer
Karkala,Mudradi,Summer,Paddy,Late-summer
Karkala,Belman,Summer,Paddy,Late-summer
Karkala,Varanga,Summer,Paddy,Late-summer
Karkala,Inna,Summer,Paddy,Late-summer
Karkala,Kabbinale,Summer,Paddy,Late-summer
Karkala,Andaru,Summer,Paddy,Late-summer
Karkala,Hirgana,Summer,Paddy,Late-summer
Karkala,Miyar,Summer,Paddy,Late-summer
Karkala,Mundkuru,Summer,Paddy,Late-summer
Karkala,Kukkundoor,Summer,Paddy,Late-summer
Karkala,Kervashe,Summer,Paddy,Late-summer
Karkala,Mudaru,Summer,Paddy,Late-summer
Karkala,Kanyana,Summer,Paddy,Late-summer
Karkala,Someshwara,Summer,Paddy,Late-summer
Karkala,Nadpalu,Summer,Paddy,Late-summer
Karkala,Chara,Summer,Paddy,Late-summer
Karkala,Belve,Summer,Paddy,Late-summer
Karkala,Ardi,Summer,Paddy,Late-summer
Karkala,Shedimane,Summer,Paddy,Late-summer
Karkala,Golikatte,Summer,Paddy,Late-summer
Karkala,Shivapura,Summer,Paddy,Late-summer
Karkala,Kadthala,Summer,Paddy,Late-summer
Karkala,Palli,Summer,Paddy,Late-summer
Karkala,Karkala,Summer,Paddy,Shakti
Karkala,Sanoor,Summer,Paddy,Shakti
Karkala,Hebri,Summer,Paddy,Shakti
Karkala,Nitte,Summer,Paddy,Shakti
Karkala,Mudradi,Summer,Paddy,Shakti
Karkala,Belman,Summer,Paddy,Shakti
Karkala,Varanga,Summer,Paddy,Shakti
Karkala,Inna,Summer,Paddy,Shakti
Karkala,Kabbinale,Summer,Paddy,Shakti
Karkala,Andaru,Summer,Paddy,Shakti
Karkala,Hirgana,Summer,Paddy,Shakti
Karkala,Miyar,Summer,Paddy,Shakti
Karkala,Mundkuru,Summer,Paddy,Shakti
Karkala,Kukkundoor,Summer,Paddy,Shakti
Karkala,Kervashe,Summer,Paddy,Shakti
Karkala,Mudaru,Summer,Paddy,Shakti
Karkala,Kanyana,Summer,Paddy,Shakti
Karkala,Someshwara,Summer,Paddy,Shakti
Karkala,Nadpalu,Summer,Paddy,Shakti
Karkala,Chara,Summer,Paddy,Shakti
Karkala,Belve,Summer,Paddy,Shakti
Karkala,Ardi,Summer,Paddy,Shakti
Karkala,Shedimane,Summer,Paddy,Shakti
Karkala,Golikatte,Summer,Paddy,Shakti
Karkala,Shivapura,Summer,Paddy,Shakti
Karkala,Kadthala,Summer,Paddy,Shakti
Karkala,Palli,Summer,Paddy,Shakti
Karkala,Karkala,Summer,Paddy,CTH-1 (Mukti)
Karkala,Sanoor,Summer,Paddy,CTH-1 (Mukti)
Karkala,Hebri,Summer,Paddy,CTH-1 (Mukti)
Karkala,Nitte,Summer,Paddy,CTH-1 (Mukti)
Karkala,Mudradi,Summer,Paddy,CTH-1 (Mukti)
Karkala,Belman,Summer,Paddy,CTH-1 (Mukti)
Karkala,Varanga,Summer,Paddy,CTH-1 (Mukti)
Karkala,Inna,Summer,Paddy,CTH-1 (Mukti)
Karkala,Kabbinale,Summer,Paddy,CTH-1 (Mukti)
Karkala,Andaru,Summer,Paddy,CTH-1 (Mukti)
Karkala,Hirgana,Summer,Paddy,CTH-1 (Mukti)
Karkala,Miyar,Summer,Paddy,CTH-1 (Mukti)
Karkala,Mundkuru,Summer,Paddy,CTH-1 (Mukti)
Karkala,Kukkundoor,Summer,Paddy,CTH-1 (Mukti)
Karkala,Kervashe,Summer,Paddy,CTH-1 (Mukti)
Karkala,Mudaru,Summer,Paddy,CTH-1 (Mukti)
Karkala,Kanyana,Summer,Paddy,CTH-1 (Mukti)
Karkala,Someshwara,Summer,Paddy,CTH-1 (Mukti)
Karkala,Nadpalu,Summer,Paddy,CTH-1 (Mukti)
Karkala,Chara,Summer,Paddy,CTH-1 (Mukti)
Karkala,Belve,Summer,Paddy,CTH-1 (Mukti)
Karkala,Ardi,Summer,Paddy,CTH-1 (Mukti)
Karkala,Shedimane,Summer,Paddy,CTH-1 (Mukti)
Karkala,Golikatte,Summer,Paddy,CTH-1 (Mukti)
Karkala,Shivapura,Summer,Paddy,CTH-1 (Mukti)
Karkala,Kadthala,Summer,Paddy,CTH-1 (Mukti)
Karkala,Palli,Summer,Paddy,CTH-1 (Mukti)
Karkala,Karkala,Summer,Groundnut,TMV-2
Karkala,Sanoor,Summer,Groundnut,TMV-2
Karkala,Hebri,Summer,Groundnut,TMV-2
Karkala,Nitte,Summer,Groundnut,TMV-2
Karkala,Mudradi,Summer,Groundnut,TMV-2
Karkala,Belman,Summer,Groundnut,TMV-2
Karkala,Varanga,Summer,Groundnut,TMV-2
Karkala,Inna,Summer,Groundnut,TMV-2
Karkala,Kabbinale,Summer,Groundnut,TMV-2
Karkala,Andaru,Summer,Groundnut,TMV-2
Karkala,Hirgana,Summer,Groundnut,TMV-2
Karkala,Miyar,Summer,Groundnut,TMV-2
Karkala,Mundkuru,Summer,Groundnut,TMV-2
Karkala,Kukkundoor,Summer,Groundnut,TMV-2
Karkala,Kervashe,Summer,Groundnut,TMV-2
Karkala,Mudaru,Summer,Groundnut,TMV-2
Karkala,Kanyana,Summer,Groundnut,TMV-2
Karkala,Someshwara,Summer,Groundnut,TMV-2
Karkala,Nadpalu,Summer,Groundnut,TMV-2
Karkala,Chara,Summer,Groundnut,TMV-2
Karkala,Belve,Summer,Groundnut,TMV-2
Karkala,Ardi,Summer,Groundnut,TMV-2
Karkala,Shedimane,Summer,Groundnut,TMV-2
Karkala,Golikatte,Summer,Groundnut,TMV-2
Karkala,Shivapura,Summer,Groundnut,TMV-2
Karkala,Kadthala,Summer,Groundnut,TMV-2
Karkala,Palli,Summer,Groundnut,TMV-2
Karkala,Karkala,Summer,Groundnut,DH 3-30
Karkala,Sanoor,Summer,Groundnut,DH 3-30
Karkala,Hebri,Summer,Groundnut,DH 3-30
Karkala,Nitte,Summer,Groundnut,DH 3-30
Karkala,Mudradi,Summer,Groundnut,DH 3-30
Karkala,Belman,Summer,Groundnut,DH 3-30
Karkala,Varanga,Summer,Groundnut,DH 3-30
Karkala,Inna,Summer,Groundnut,DH 3-30
Karkala,Kabbinale,Summer,Groundnut,DH 3-30
Karkala,Andaru,Summer,Groundnut,DH 3-30
Karkala,Hirgana,Summer,Groundnut,DH 3-30
Karkala,Miyar,Summer,Groundnut,DH 3-30
Karkala,Mundkuru,Summer,Groundnut,DH 3-30
Karkala,Kukkundoor,Summer,Groundnut,DH 3-30
Karkala,Kervashe,Summer,Groundnut,DH 3-30
Karkala,Mudaru,Summer,Groundnut,DH 3-30
Karkala,Kanyana,Summer,Groundnut,DH 3-30
Karkala,Someshwara,Summer,Groundnut,DH 3-30
Karkala,Nadpalu,Summer,Groundnut,DH 3-30
Karkala,Chara,Summer,Groundnut,DH 3-30
Karkala,Belve,Summer,Groundnut,DH 3-30
Karkala,Ardi,Summer,Groundnut,DH 3-30
Karkala,Shedimane,Summer,Groundnut,DH 3-30
Karkala,Golikatte,Summer,Groundnut,DH 3-30
Karkala,Shivapura,Summer,Groundnut,DH 3-30
Karkala,Kadthala,Summer,Groundnut,DH 3-30
Karkala,Palli,Summer,Groundnut,DH 3-30
Karkala,Karkala,Summer,Vegetables,Brinjal
Karkala,Sanoor,Summer,Vegetables,Brinjal
Karkala,Hebri,Summer,Vegetables,Brinjal
Karkala,Nitte,Summer,Vegetables,Brinjal
Karkala,Mudradi,Summer,Vegetables,Brinjal
Karkala,Belman,Summer,Vegetables,Brinjal
Karkala,Varanga,Summer,Vegetables,Brinjal
Karkala,Inna,Summer,Vegetables,Brinjal
Karkala,Kabbinale,Summer,Vegetables,Brinjal
Karkala,Andaru,Summer,Vegetables,Brinjal
Karkala,Hirgana,Summer,Vegetables,Brinjal
Karkala,Miyar,Summer,Vegetables,Brinjal
Karkala,Mundkuru,Summer,Vegetables,Brinjal
Karkala,Kukkundoor,Summer,Vegetables,Brinjal
Karkala,Kervashe,Summer,Vegetables,Brinjal
Karkala,Mudaru,Summer,Vegetables,Brinjal
Karkala,Kanyana,Summer,Vegetables,Brinjal
Karkala,Someshwara,Summer,Vegetables,Brinjal
Karkala,Nadpalu,Summer,Vegetables,Brinjal
Karkala,Chara,Summer,Vegetables,Brinjal
Karkala,Belve,Summer,Vegetables,Brinjal
Karkala,Ardi,Summer,Vegetables,Brinjal
Karkala,Shedimane,Summer,Vegetables,Brinjal
Karkala,Golikatte,Summer,Vegetables,Brinjal
Karkala,Shivapura,Summer,Vegetables,Brinjal
Karkala,Kadthala,Summer,Vegetables,Brinjal
Karkala,Palli,Summer,Vegetables,Brinjal
Karkala,Karkala,Summer,Vegetables,Chilli
Karkala,Sanoor,Summer,Vegetables,Chilli
Karkala,Hebri,Summer,Vegetables,Chilli
Karkala,Nitte,Summer,Vegetables,Chilli
Karkala,Mudradi,Summer,Vegetables,Chilli
Karkala,Belman,Summer,Vegetables,Chilli
Karkala,Varanga,Summer,Vegetables,Chilli
Karkala,Inna,Summer,Vegetables,Chilli
Karkala,Kabbinale,Summer,Vegetables,Chilli
Karkala,Andaru,Summer,Vegetables,Chilli
Karkala,Hirgana,Summer,Vegetables,Chilli
Karkala,Miyar,Summer,Vegetables,Chilli
Karkala,Mundkuru,Summer,Vegetables,Chilli
Karkala,Kukkundoor,Summer,Vegetables,Chilli
Karkala,Kervashe,Summer,Vegetables,Chilli
Karkala,Mudaru,Summer,Vegetables,Chilli
Karkala,Kanyana,Summer,Vegetables,Chilli
Karkala,Someshwara,Summer,Vegetables,Chilli
Karkala,Nadpalu,Summer,Vegetables,Chilli
Karkala,Chara,Summer,Vegetables,Chilli
Karkala,Belve,Summer,Vegetables,Chilli
Karkala,Ardi,Summer,Vegetables,Chilli
Karkala,Shedimane,Summer,Vegetables,Chilli
Karkala,Golikatte,Summer,Vegetables,Chilli
Karkala,Shivapura,Summer,Vegetables,Chilli
Karkala,Kadthala,Summer,Vegetables,Chilli
Karkala,Palli,Summer,Vegetables,Chilli
Karkala,Karkala,Summer,Vegetables,Cucumber
Karkala,Sanoor,Summer,Vegetables,Cucumber
Karkala,Hebri,Summer,Vegetables,Cucumber
Karkala,Nitte,Summer,Vegetables,Cucumber
Karkala,Mudradi,Summer,Vegetables,Cucumber
Karkala,Belman,Summer,Vegetables,Cucumber
Karkala,Varanga,Summer,Vegetables,Cucumber
Karkala,Inna,Summer,Vegetables,Cucumber
Karkala,Kabbinale,Summer,Vegetables,Cucumber
Karkala,Andaru,Summer,Vegetables,Cucumber
Karkala,Hirgana,Summer,Vegetables,Cucumber
Karkala,Miyar,Summer,Vegetables,Cucumber
Karkala,Mundkuru,Summer,Vegetables,Cucumber
Karkala,Kukkundoor,Summer,Vegetables,Cucumber
Karkala,Kervashe,Summer,Vegetables,Cucumber
Karkala,Mudaru,Summer,Vegetables,Cucumber
Karkala,Kanyana,Summer,Vegetables,Cucumber
Karkala,Someshwara,Summer,Vegetables,Cucumber
Karkala,Nadpalu,Summer,Vegetables,Cucumber
Karkala,Chara,Summer,Vegetables,Cucumber
Karkala,Belve,Summer,Vegetables,Cucumber
Karkala,Ardi,Summer,Vegetables,Cucumber
Karkala,Shedimane,Summer,Vegetables,Cucumber
Karkala,Golikatte,Summer,Vegetables,Cucumber
Karkala,Shivapura,Summer,Vegetables,Cucumber
Karkala,Kadthala,Summer,Vegetables,Cucumber
Karkala,Palli,Summer,Vegetables,Cucumber
Karkala,Karkala,Summer,Vegetables,Radish
Karkala,Sanoor,Summer,Vegetables,Radish
Karkala,Hebri,Summer,Vegetables,Radish
Karkala,Nitte,Summer,Vegetables,Radish
Karkala,Mudradi,Summer,Vegetables,Radish
Karkala,Belman,Summer,Vegetables,Radish
Karkala,Varanga,Summer,Vegetables,Radish
Karkala,Inna,Summer,Vegetables,Radish
Karkala,Kabbinale,Summer,Vegetables,Radish
Karkala,Andaru,Summer,Vegetables,Radish
Karkala,Hirgana,Summer,Vegetables,Radish
Karkala,Miyar,Summer,Vegetables,Radish
Karkala,Mundkuru,Summer,Vegetables,Radish
Karkala,Kukkundoor,Summer,Vegetables,Radish
Karkala,Kervashe,Summer,Vegetables,Radish
Karkala,Mudaru,Summer,Vegetables,Radish
Karkala,Kanyana,Summer,Vegetables,Radish
Karkala,Someshwara,Summer,Vegetables,Radish
Karkala,Nadpalu,Summer,Vegetables,Radish
Karkala,Chara,Summer,Vegetables,Radish
Karkala,Belve,Summer,Vegetables,Radish
Karkala,Ardi,Summer,Vegetables,Radish
Karkala,Shedimane,Summer,Vegetables,Radish
Karkala,Golikatte,Summer,Vegetables,Radish
Karkala,Shivapura,Summer,Vegetables,Radish
Karkala,Kadthala,Summer,Vegetables,Radish
Karkala,Palli,Summer,Vegetables,Radish
